01.01.2013 22:22:16,20
02.01.2013 21:08:02,7
03.01.2013 17:04:05,5
03.01.2013 17:42:11,9
04.01.2013 10:08:38,7
04.01.2013 20:44:38,3
05.01.2013 12:29:21,13
06.01.2013 04:56:01,6
07.01.2013 01:42:14,11
07.01.2013 20:55:09,3
08.01.2013 11:26:46,12
08.01.2013 19:44:25,16
09.01.2013 01:52:23,10
09.01.2013 04:54:58,14
09.01.2013 23:34:46,17
10.01.2013 03:01:31,1
10.01.2013 19:25:05,12
11.01.2013 16:04:29,19
11.01.2013 19:36:51,8
11.01.2013 19:59:37,8
12.01.2013 17:07:06,18
13.01.2013 07:37:44,13
13.01.2013 14:45:29,7
14.01.2013 02:47:05,9
14.01.2013 16:29:00,16
15.01.2013 04:54:42,2
15.01.2013 17:44:17,18
15.01.2013 18:25:48,4
15.01.2013 20:21:44,11
16.01.2013 01:45:03,2
17.01.2013 01:40:21,7
17.01.2013 22:03:50,1
18.01.2013 09:27:19,2
18.01.2013 22:18:29,7
19.01.2013 08:06:03,2
19.01.2013 22:06:59,16
19.01.2013 23:54:44,11
20.01.2013 16:34:15,4
21.01.2013 08:23:19,15
21.01.2013 18:49:55,5
22.01.2013 02:18:40,9
22.01.2013 19:22:42,9
23.01.2013 11:07:30,11
23.01.2013 18:37:54,1
24.01.2013 17:23:35,7
25.01.2013 02:27:47,4
25.01.2013 06:00:07,16
25.01.2013 15:37:10,16
26.01.2013 05:06:52,8
26.01.2013 21:57:02,10
27.01.2013 17:36:54,18
28.01.2013 13:26:52,6
28.01.2013 13:47:09,7
28.01.2013 15:23:26,4
28.01.2013 16:20:12,3
28.01.2013 18:31:39,12
29.01.2013 17:22:31,10
30.01.2013 11:41:35,13
30.01.2013 12:16:29,19
30.01.2013 23:33:58,8
31.01.2013 07:09:38,1
31.01.2013 13:50:34,2
01.02.2013 00:31:38,20
02.02.2013 00:25:23,15
02.02.2013 16:04:39,12
03.02.2013 06:47:42,6
03.02.2013 11:12:18,3
04.02.2013 09:34:21,7
05.02.2013 07:50:46,18
06.02.2013 05:53:13,1
06.02.2013 16:31:18,13
07.02.2013 05:24:48,3
07.02.2013 08:26:36,16
07.02.2013 19:56:55,8
08.02.2013 02:48:51,15
08.02.2013 22:26:07,7
09.02.2013 04:41:56,15
10.02.2013 04:16:47,15
10.02.2013 17:44:42,11
11.02.2013 12:35:30,5
11.02.2013 17:58:48,9
12.02.2013 03:08:18,4
12.02.2013 23:07:53,5
13.02.2013 12:45:55,8
13.02.2013 14:43:00,18
14.02.2013 02:42:55,12
14.02.2013 21:36:55,12
15.02.2013 03:00:12,1
15.02.2013 10:41:34,6
16.02.2013 08:50:43,17
16.02.2013 21:52:44,1
17.02.2013 04:55:18,8
17.02.2013 20:35:48,17
18.02.2013 06:34:57,14
18.02.2013 06:51:46,17
19.02.2013 04:24:34,13
20.02.2013 00:06:48,11
20.02.2013 05:57:27,19
20.02.2013 08:17:14,14
20.02.2013 20:34:14,10
21.02.2013 10:45:28,8
21.02.2013 23:56:05,14
22.02.2013 03:13:10,5
22.02.2013 07:40:52,17
22.02.2013 17:14:52,16
23.02.2013 00:24:27,19
23.02.2013 07:04:59,11
24.02.2013 05:38:29,16
24.02.2013 10:54:19,1
24.02.2013 12:00:43,15
25.02.2013 11:43:44,8
25.02.2013 12:18:12,6
26.02.2013 06:33:00,15
26.02.2013 10:43:19,15
26.02.2013 16:13:14,9
27.02.2013 13:52:07,17
27.02.2013 16:44:06,3
27.02.2013 17:24:58,14
28.02.2013 01:42:13,18
28.02.2013 14:08:00,9
01.03.2013 10:05:23,19
02.03.2013 03:45:36,4
02.03.2013 06:32:06,13
02.03.2013 23:17:23,7
03.03.2013 02:18:56,11
03.03.2013 21:30:37,8
04.03.2013 08:42:27,19
05.03.2013 03:11:08,1
06.03.2013 01:47:55,6
07.03.2013 00:00:54,16
07.03.2013 17:57:04,15
08.03.2013 06:31:24,19
09.03.2013 00:04:37,4
09.03.2013 17:32:01,11
10.03.2013 06:55:04,11
10.03.2013 12:24:24,1
10.03.2013 23:29:00,8
11.03.2013 02:38:06,9
11.03.2013 07:58:58,2
11.03.2013 21:32:48,1
12.03.2013 21:35:37,19
13.03.2013 08:04:06,3
13.03.2013 17:30:52,20
14.03.2013 05:10:44,1
14.03.2013 19:14:35,14
15.03.2013 02:59:35,14
15.03.2013 04:38:36,17
15.03.2013 16:50:31,2
16.03.2013 05:06:33,11
16.03.2013 22:05:55,3
17.03.2013 01:14:16,11
17.03.2013 21:01:41,9
18.03.2013 07:13:33,1
19.03.2013 00:13:07,4
19.03.2013 20:49:52,20
20.03.2013 15:45:01,2
21.03.2013 08:47:49,19
22.03.2013 00:15:37,11
22.03.2013 17:47:14,11
23.03.2013 08:41:51,8
23.03.2013 12:15:11,3
23.03.2013 16:26:28,1
24.03.2013 08:07:01,6
24.03.2013 14:19:33,10
25.03.2013 07:04:21,7
25.03.2013 21:06:13,2
26.03.2013 05:58:07,2
26.03.2013 10:03:22,3
26.03.2013 13:02:22,8
26.03.2013 19:49:09,6
27.03.2013 11:11:21,14
27.03.2013 12:59:07,18
27.03.2013 23:09:14,15
28.03.2013 07:37:26,18
29.03.2013 02:08:51,7
29.03.2013 12:30:18,11
30.03.2013 11:27:15,1
30.03.2013 19:47:48,20
30.03.2013 21:21:08,2
31.03.2013 16:39:14,20
01.04.2013 11:30:53,3
02.04.2013 00:31:08,4
02.04.2013 23:05:10,8
03.04.2013 12:01:49,4
03.04.2013 22:39:57,14
04.04.2013 12:30:15,8
04.04.2013 22:37:34,4
05.04.2013 05:31:00,9
06.04.2013 01:43:26,2
06.04.2013 21:21:47,15
07.04.2013 15:52:20,20
08.04.2013 07:11:32,1
08.04.2013 11:30:38,10
09.04.2013 08:42:57,12
10.04.2013 04:44:00,11
10.04.2013 05:04:15,14
10.04.2013 11:44:56,16
11.04.2013 07:18:12,10
11.04.2013 13:39:19,1
11.04.2013 17:28:55,8
12.04.2013 12:03:49,11
13.04.2013 03:48:42,14
13.04.2013 04:18:53,12
13.04.2013 13:37:53,15
14.04.2013 06:27:47,2
15.04.2013 00:58:13,7
15.04.2013 10:31:12,4
15.04.2013 19:06:00,5
15.04.2013 19:48:45,11
16.04.2013 07:17:57,13
16.04.2013 21:34:54,5
17.04.2013 11:14:20,2
18.04.2013 06:27:55,4
18.04.2013 08:14:15,6
19.04.2013 04:39:18,2
19.04.2013 22:27:46,7
20.04.2013 04:44:45,2
21.04.2013 04:29:12,4
22.04.2013 00:06:53,1
22.04.2013 11:45:07,18
23.04.2013 05:00:42,5
23.04.2013 19:07:41,6
24.04.2013 08:41:00,12
24.04.2013 18:20:38,17
25.04.2013 09:11:56,14
25.04.2013 17:30:10,2
26.04.2013 01:10:28,2
26.04.2013 11:53:50,10
27.04.2013 05:07:06,6
27.04.2013 10:56:53,7
28.04.2013 10:45:46,20
29.04.2013 03:11:34,3
30.04.2013 02:56:18,7
30.04.2013 13:04:27,7
01.05.2013 12:06:41,7
01.05.2013 16:27:03,7
02.05.2013 04:04:22,1
02.05.2013 06:18:00,20
02.05.2013 06:50:34,11
02.05.2013 22:36:36,16
03.05.2013 10:14:32,1
03.05.2013 15:22:06,4
04.05.2013 00:27:17,17
04.05.2013 18:49:41,10
04.05.2013 22:34:19,18
05.05.2013 03:55:54,3
05.05.2013 19:56:32,20
05.05.2013 21:20:07,12
06.05.2013 04:08:58,6
06.05.2013 11:29:14,19
07.05.2013 06:20:16,20
07.05.2013 20:22:15,9
08.05.2013 12:58:07,14
08.05.2013 21:01:07,18
09.05.2013 11:33:01,2
09.05.2013 23:03:38,4
10.05.2013 02:57:11,6
10.05.2013 22:29:26,18
11.05.2013 12:04:46,1
12.05.2013 11:12:04,16
12.05.2013 21:49:51,4
13.05.2013 16:02:49,4
13.05.2013 17:20:01,5
14.05.2013 05:47:40,10
14.05.2013 08:57:39,6
15.05.2013 06:48:04,15
16.05.2013 06:51:25,15
16.05.2013 07:56:01,17
16.05.2013 17:31:05,10
17.05.2013 15:42:12,6
17.05.2013 16:59:52,17
18.05.2013 10:08:01,17
18.05.2013 17:59:16,12
19.05.2013 01:19:34,1
19.05.2013 14:58:53,7
20.05.2013 03:18:46,10
20.05.2013 20:17:06,12
21.05.2013 17:32:46,15
22.05.2013 03:34:52,6
22.05.2013 13:19:23,10
23.05.2013 10:13:47,10
23.05.2013 21:32:58,8
23.05.2013 23:49:18,17
24.05.2013 02:11:29,19
24.05.2013 09:50:35,17
24.05.2013 11:56:30,10
24.05.2013 15:00:45,3
25.05.2013 04:59:43,1
25.05.2013 23:34:17,9
26.05.2013 12:36:57,6
27.05.2013 12:11:43,19
28.05.2013 10:08:46,8
28.05.2013 12:27:58,17
28.05.2013 16:24:37,17
29.05.2013 01:35:30,11
29.05.2013 17:48:47,16
30.05.2013 07:59:45,9
30.05.2013 23:01:41,16
31.05.2013 09:56:02,1
31.05.2013 22:52:21,18
01.06.2013 14:50:59,5
02.06.2013 02:31:18,8
02.06.2013 11:56:07,9
03.06.2013 11:25:51,11
04.06.2013 05:48:01,13
04.06.2013 16:20:40,20
05.06.2013 08:12:04,16
05.06.2013 19:17:49,4
06.06.2013 02:45:29,1
06.06.2013 21:08:34,19
07.06.2013 16:43:50,11
08.06.2013 13:47:19,17
09.06.2013 12:53:57,6
09.06.2013 19:44:28,8
10.06.2013 11:21:59,16
11.06.2013 06:19:17,19
12.06.2013 03:14:07,18
12.06.2013 19:01:40,5
13.06.2013 00:09:42,10
13.06.2013 19:32:57,11
14.06.2013 03:34:40,5
14.06.2013 03:54:02,1
14.06.2013 17:33:27,10
14.06.2013 22:53:29,19
15.06.2013 05:34:54,7
15.06.2013 08:43:16,5
15.06.2013 23:59:30,2
16.06.2013 01:41:16,20
16.06.2013 09:27:40,11
16.06.2013 10:36:56,15
16.06.2013 21:53:55,20
17.06.2013 19:05:24,4
18.06.2013 00:29:26,14
18.06.2013 22:41:47,12
19.06.2013 09:34:48,20
20.06.2013 05:04:26,11
20.06.2013 18:31:56,18
21.06.2013 13:12:24,3
22.06.2013 11:33:29,13
23.06.2013 06:34:58,4
23.06.2013 15:51:15,15
24.06.2013 04:22:42,9
24.06.2013 20:48:48,6
25.06.2013 14:40:52,16
26.06.2013 11:48:09,16
26.06.2013 22:08:32,2
27.06.2013 13:09:13,14
28.06.2013 00:28:57,18
28.06.2013 22:30:16,8
29.06.2013 07:36:25,5
29.06.2013 22:50:07,14
30.06.2013 13:44:34,1
30.06.2013 15:31:18,17
01.07.2013 14:24:36,19
01.07.2013 21:58:49,6
02.07.2013 10:30:37,15
02.07.2013 17:19:07,1
02.07.2013 23:20:49,11
03.07.2013 12:49:42,7
04.07.2013 08:11:37,1
05.07.2013 01:11:11,1
05.07.2013 19:13:09,2
06.07.2013 03:35:44,20
06.07.2013 21:21:07,8
06.07.2013 23:13:25,20
07.07.2013 14:30:17,16
08.07.2013 05:47:28,16
08.07.2013 14:12:31,9
09.07.2013 04:23:00,13
09.07.2013 05:04:04,1
09.07.2013 23:40:29,3
10.07.2013 18:30:04,2
10.07.2013 19:52:43,19
11.07.2013 06:09:30,6
11.07.2013 19:00:15,16
11.07.2013 19:38:30,18
11.07.2013 23:40:36,2
12.07.2013 19:49:20,16
13.07.2013 13:22:40,14
13.07.2013 14:07:21,2
14.07.2013 07:50:02,6
14.07.2013 20:47:40,13
15.07.2013 00:02:40,16
15.07.2013 18:55:23,9
16.07.2013 16:27:13,12
16.07.2013 16:43:58,19
17.07.2013 07:48:24,5
17.07.2013 21:49:19,6
18.07.2013 18:55:55,8
18.07.2013 19:53:00,14
18.07.2013 20:31:02,2
19.07.2013 11:55:59,20
19.07.2013 18:40:49,10
19.07.2013 23:24:59,9
20.07.2013 20:53:45,15
21.07.2013 20:54:15,8
22.07.2013 16:29:42,19
23.07.2013 14:19:18,2
24.07.2013 13:08:45,20
25.07.2013 10:35:11,8
26.07.2013 00:30:02,12
26.07.2013 05:43:09,6
26.07.2013 10:39:36,12
27.07.2013 04:08:34,8
27.07.2013 16:57:17,12
28.07.2013 00:21:49,11
28.07.2013 10:05:11,20
29.07.2013 04:22:39,12
29.07.2013 15:30:07,2
30.07.2013 03:58:30,17
30.07.2013 05:29:35,11
30.07.2013 11:29:54,1
31.07.2013 00:06:09,17
31.07.2013 01:37:37,15
31.07.2013 16:35:43,3
01.08.2013 13:30:05,8
02.08.2013 13:21:01,15
03.08.2013 03:54:33,17
03.08.2013 15:55:11,16
04.08.2013 10:15:11,4
05.08.2013 09:31:57,7
06.08.2013 09:33:46,11
07.08.2013 05:57:50,14
08.08.2013 02:56:16,19
08.08.2013 17:32:16,13
08.08.2013 22:34:38,12
09.08.2013 09:09:44,20
10.08.2013 08:16:08,19
10.08.2013 15:58:42,15
11.08.2013 09:35:00,13
11.08.2013 14:44:31,15
12.08.2013 05:35:08,1
12.08.2013 22:52:21,4
13.08.2013 18:02:53,11
14.08.2013 08:25:28,7
14.08.2013 22:17:58,20
15.08.2013 09:40:48,5
15.08.2013 19:35:27,20
16.08.2013 03:59:41,1
16.08.2013 06:55:45,16
16.08.2013 16:55:27,18
16.08.2013 19:13:52,17
17.08.2013 02:51:00,12
17.08.2013 07:56:28,13
17.08.2013 12:13:27,9
18.08.2013 09:22:31,10
18.08.2013 14:29:33,16
18.08.2013 18:43:35,7
19.08.2013 04:30:17,8
19.08.2013 14:59:42,3
20.08.2013 01:03:01,15
20.08.2013 14:00:43,17
21.08.2013 04:59:09,17
21.08.2013 21:00:21,6
22.08.2013 05:48:33,16
22.08.2013 10:23:58,3
23.08.2013 04:08:53,11
23.08.2013 20:37:46,7
24.08.2013 16:02:09,7
24.08.2013 23:20:34,15
25.08.2013 16:34:28,12
26.08.2013 14:54:18,6
26.08.2013 17:15:11,16
26.08.2013 19:03:27,7
27.08.2013 10:51:42,4
28.08.2013 07:37:00,9
28.08.2013 10:00:24,19
29.08.2013 02:29:47,19
29.08.2013 13:48:32,6
30.08.2013 01:07:28,7
30.08.2013 03:04:38,1
30.08.2013 08:21:42,6
31.08.2013 06:40:03,16
31.08.2013 17:52:31,7
01.09.2013 12:01:54,20
02.09.2013 09:19:26,12
02.09.2013 18:05:08,5
03.09.2013 15:35:04,3
03.09.2013 22:24:46,11
04.09.2013 04:54:16,18
04.09.2013 13:27:41,1
05.09.2013 05:51:51,4
05.09.2013 23:44:35,19
06.09.2013 15:07:01,3
07.09.2013 11:25:22,13
07.09.2013 23:19:42,16
08.09.2013 05:27:48,13
09.09.2013 00:54:17,7
09.09.2013 03:02:35,4
09.09.2013 06:11:06,3
10.09.2013 02:47:34,1
10.09.2013 11:51:20,4
10.09.2013 21:13:58,11
11.09.2013 04:16:54,18
11.09.2013 16:33:10,14
12.09.2013 06:32:48,16
12.09.2013 12:30:47,6
13.09.2013 08:45:10,8
14.09.2013 04:45:55,15
15.09.2013 00:45:31,9
15.09.2013 18:07:26,7
16.09.2013 12:24:22,18
17.09.2013 10:49:47,5
17.09.2013 19:24:19,12
18.09.2013 18:48:12,20
19.09.2013 07:51:26,20
19.09.2013 12:04:23,9
19.09.2013 19:29:42,20
20.09.2013 08:39:04,12
21.09.2013 07:19:41,19
21.09.2013 14:22:25,3
22.09.2013 13:30:09,3
22.09.2013 17:30:05,1
22.09.2013 22:33:51,8
23.09.2013 04:49:58,4
23.09.2013 23:09:26,4
23.09.2013 23:56:44,13
24.09.2013 06:25:12,7
25.09.2013 00:01:36,2
25.09.2013 09:09:35,5
25.09.2013 19:22:17,7
26.09.2013 11:48:08,12
27.09.2013 10:45:47,19
27.09.2013 22:48:41,18
28.09.2013 18:29:45,5
29.09.2013 03:58:32,11
29.09.2013 04:32:58,9
29.09.2013 05:10:41,19
29.09.2013 07:51:36,13
30.09.2013 05:18:23,1
30.09.2013 06:17:20,1
01.10.2013 03:05:47,4
01.10.2013 05:31:16,6
01.10.2013 13:16:30,4
01.10.2013 18:18:01,18
02.10.2013 01:57:11,17
02.10.2013 23:51:38,7
03.10.2013 20:44:17,8
04.10.2013 12:31:31,9
05.10.2013 00:14:26,15
05.10.2013 13:47:54,13
06.10.2013 11:49:19,7
07.10.2013 00:55:18,11
07.10.2013 03:21:29,19
08.10.2013 02:21:32,2
08.10.2013 10:30:13,9
09.10.2013 06:49:41,17
09.10.2013 07:08:23,9
10.10.2013 04:30:22,2
10.10.2013 08:29:48,14
11.10.2013 06:18:52,17
11.10.2013 13:18:28,16
12.10.2013 08:21:33,17
13.10.2013 01:26:37,8
13.10.2013 22:18:34,7
14.10.2013 07:16:42,14
14.10.2013 19:35:25,1
15.10.2013 07:36:24,1
16.10.2013 01:11:41,8
16.10.2013 22:53:44,2
17.10.2013 15:29:20,7
17.10.2013 23:48:31,2
18.10.2013 17:45:41,19
19.10.2013 12:53:17,5
20.10.2013 09:08:28,5
21.10.2013 06:51:55,11
21.10.2013 19:08:25,9
21.10.2013 20:56:14,9
22.10.2013 15:59:11,9
22.10.2013 19:54:26,19
23.10.2013 04:59:02,10
23.10.2013 23:03:02,7
24.10.2013 20:19:36,18
25.10.2013 14:36:04,19
25.10.2013 21:53:50,11
26.10.2013 08:16:19,15
27.10.2013 01:35:25,9
27.10.2013 21:11:41,5
28.10.2013 00:55:10,16
28.10.2013 19:52:35,9
29.10.2013 13:48:18,4
30.10.2013 11:40:01,16
31.10.2013 11:25:23,14
31.10.2013 12:25:51,4
01.11.2013 01:40:07,12
01.11.2013 09:40:23,10
01.11.2013 17:52:42,20
02.11.2013 04:38:22,13
02.11.2013 20:42:23,9
03.11.2013 20:35:50,14
04.11.2013 08:36:59,6
05.11.2013 02:46:59,17
05.11.2013 10:18:25,19
05.11.2013 17:13:16,8
06.11.2013 07:00:57,3
07.11.2013 03:11:44,7
07.11.2013 09:23:38,7
07.11.2013 21:27:31,17
07.11.2013 21:54:03,14
08.11.2013 15:57:37,5
09.11.2013 07:28:20,12
09.11.2013 08:24:04,13
10.11.2013 07:50:37,20
11.11.2013 07:34:07,16
11.11.2013 13:29:10,18
11.11.2013 22:06:34,1
12.11.2013 12:30:53,19
13.11.2013 09:27:09,1
13.11.2013 13:28:07,16
14.11.2013 02:50:15,2
14.11.2013 10:27:06,11
15.11.2013 04:41:26,11
16.11.2013 01:24:46,12
16.11.2013 15:50:25,9
16.11.2013 23:29:51,5
17.11.2013 18:38:11,18
18.11.2013 11:02:21,17
19.11.2013 04:22:31,3
19.11.2013 13:53:34,1
19.11.2013 19:13:25,8
20.11.2013 16:20:42,18
21.11.2013 01:33:00,17
21.11.2013 18:36:24,1
22.11.2013 09:56:20,11
22.11.2013 16:29:29,1
23.11.2013 04:18:40,14
23.11.2013 12:27:44,1
24.11.2013 06:16:47,5
24.11.2013 16:38:59,14
25.11.2013 00:51:29,6
25.11.2013 10:54:59,6
26.11.2013 05:55:39,19
26.11.2013 22:34:56,12
26.11.2013 23:02:53,13
27.11.2013 21:41:13,2
27.11.2013 22:25:18,17
28.11.2013 04:52:14,1
28.11.2013 19:07:20,11
29.11.2013 09:50:12,9
30.11.2013 00:30:05,3
30.11.2013 18:44:49,14
01.12.2013 00:41:20,4
01.12.2013 15:49:12,8
02.12.2013 08:09:20,16
03.12.2013 01:56:15,16
03.12.2013 14:49:57,6
04.12.2013 08:23:02,20
05.12.2013 00:39:20,6
05.12.2013 01:16:48,3
05.12.2013 19:20:39,1
06.12.2013 09:50:10,2
06.12.2013 16:46:21,10
06.12.2013 17:47:14,1
06.12.2013 20:43:28,10
06.12.2013 23:40:35,15
07.12.2013 07:38:15,11
07.12.2013 13:53:16,5
07.12.2013 16:02:35,8
08.12.2013 09:07:57,9
08.12.2013 20:46:31,10
09.12.2013 00:12:29,11
09.12.2013 18:25:31,4
10.12.2013 12:17:40,13
11.12.2013 02:59:07,17
11.12.2013 07:32:06,14
12.12.2013 03:45:29,8
12.12.2013 14:47:30,16
13.12.2013 14:36:06,15
14.12.2013 00:16:17,4
14.12.2013 11:58:43,18
15.12.2013 00:22:13,17
15.12.2013 08:46:40,12
15.12.2013 14:38:36,13
15.12.2013 15:58:29,19
16.12.2013 14:39:53,9
16.12.2013 18:17:39,5
17.12.2013 00:40:19,18
17.12.2013 17:33:49,16
18.12.2013 04:51:48,9
19.12.2013 02:22:58,6
19.12.2013 19:41:44,9
20.12.2013 13:13:45,19
21.12.2013 12:30:23,1
21.12.2013 14:21:09,13
22.12.2013 14:16:42,11
22.12.2013 19:56:43,17
23.12.2013 13:04:44,15
24.12.2013 00:53:47,15
24.12.2013 19:12:12,18
24.12.2013 20:47:03,14
25.12.2013 06:23:29,17
26.12.2013 04:53:56,16
26.12.2013 09:18:10,18
27.12.2013 01:34:03,10
27.12.2013 05:09:02,7
27.12.2013 21:39:47,20
28.12.2013 13:12:19,17
28.12.2013 19:40:54,2
29.12.2013 01:35:03,17
29.12.2013 14:42:08,7
29.12.2013 20:30:29,4
30.12.2013 14:46:42,3
30.12.2013 18:57:06,14
31.12.2013 12:25:38,14
31.12.2013 18:36:23,15
01.01.2014 15:16:35,15
02.01.2014 03:32:53,8
03.01.2014 03:22:58,8
03.01.2014 17:00:32,15
03.01.2014 18:12:52,3
03.01.2014 18:58:24,20
04.01.2014 01:19:57,20
04.01.2014 14:27:54,16
04.01.2014 20:28:41,11
05.01.2014 07:52:38,3
05.01.2014 18:04:37,5
06.01.2014 14:00:31,4
07.01.2014 00:42:15,10
07.01.2014 16:27:38,12
08.01.2014 01:02:35,9
08.01.2014 15:27:36,1
09.01.2014 00:33:04,13
09.01.2014 07:35:00,5
10.01.2014 04:57:04,16
11.01.2014 04:38:55,11
12.01.2014 01:31:33,4
12.01.2014 03:13:14,10
12.01.2014 09:06:51,9
13.01.2014 03:35:06,8
14.01.2014 00:58:31,5
14.01.2014 11:12:33,12
14.01.2014 17:12:50,15
14.01.2014 21:36:39,17
15.01.2014 01:43:44,3
15.01.2014 14:02:00,6
16.01.2014 13:03:52,7
17.01.2014 12:28:26,1
18.01.2014 09:08:47,4
18.01.2014 20:20:45,1
19.01.2014 20:10:08,1
20.01.2014 02:20:54,9
21.01.2014 00:24:45,8
21.01.2014 10:40:35,10
22.01.2014 10:33:27,4
22.01.2014 15:30:18,3
22.01.2014 19:25:08,7
22.01.2014 21:39:26,11
23.01.2014 04:46:51,11
23.01.2014 07:08:13,17
23.01.2014 23:02:38,7
24.01.2014 05:03:45,5
24.01.2014 18:42:53,19
25.01.2014 01:08:12,17
25.01.2014 16:09:07,18
25.01.2014 20:39:03,20
25.01.2014 21:13:12,13
26.01.2014 20:51:54,18
27.01.2014 10:28:24,19
28.01.2014 00:57:54,19
28.01.2014 17:37:14,3
29.01.2014 01:27:22,3
29.01.2014 08:56:45,9
30.01.2014 06:22:46,1
30.01.2014 23:33:42,12
31.01.2014 01:37:36,15
31.01.2014 03:36:40,17
01.02.2014 01:57:04,12
01.02.2014 03:18:58,12
02.02.2014 03:12:23,18
02.02.2014 22:15:01,5
03.02.2014 13:45:35,5
03.02.2014 17:17:11,12
04.02.2014 00:41:30,20
04.02.2014 15:27:20,18
05.02.2014 12:17:26,1
06.02.2014 11:08:28,14
07.02.2014 08:22:32,5
07.02.2014 16:12:29,14
08.02.2014 04:42:39,8
08.02.2014 21:05:43,8
09.02.2014 17:55:24,10
10.02.2014 17:01:18,15
11.02.2014 10:28:18,6
11.02.2014 14:16:47,2
11.02.2014 18:40:36,20
12.02.2014 02:50:18,2
12.02.2014 07:52:55,2
12.02.2014 16:05:48,18
12.02.2014 22:55:53,19
13.02.2014 02:52:56,4
13.02.2014 08:04:37,6
13.02.2014 12:04:01,17
13.02.2014 21:32:29,5
14.02.2014 09:15:31,18
14.02.2014 15:13:19,15
14.02.2014 19:11:55,2
15.02.2014 09:43:30,3
15.02.2014 22:48:40,10
16.02.2014 01:44:09,20
16.02.2014 20:46:04,16
17.02.2014 19:03:55,12
18.02.2014 07:27:55,1
18.02.2014 18:25:21,7
18.02.2014 22:02:34,20
19.02.2014 09:47:55,1
20.02.2014 03:40:24,4
20.02.2014 17:35:15,1
21.02.2014 14:10:46,14
22.02.2014 02:19:47,2
22.02.2014 17:34:32,4
22.02.2014 22:24:52,15
23.02.2014 04:28:03,10
24.02.2014 03:53:27,9
24.02.2014 23:14:21,5
25.02.2014 02:34:06,2
25.02.2014 23:38:26,8
26.02.2014 01:33:51,20
26.02.2014 04:13:30,12
26.02.2014 12:12:17,7
26.02.2014 21:16:03,10
27.02.2014 05:42:12,13
27.02.2014 18:22:11,16
28.02.2014 10:58:10,6
28.02.2014 11:49:57,1
28.02.2014 22:22:23,8
28.02.2014 23:21:38,1
01.03.2014 20:44:37,1
02.03.2014 16:55:55,1
03.03.2014 15:24:57,11
03.03.2014 19:11:14,17
04.03.2014 15:47:48,2
04.03.2014 21:48:24,15
05.03.2014 20:09:49,17
06.03.2014 10:18:52,5
07.03.2014 00:01:04,10
07.03.2014 17:07:24,17
08.03.2014 14:16:30,5
09.03.2014 01:37:27,17
09.03.2014 23:22:33,3
10.03.2014 18:06:59,2
11.03.2014 05:31:32,12
12.03.2014 02:06:14,20
12.03.2014 08:49:27,20
13.03.2014 03:32:18,18
13.03.2014 06:11:02,13
13.03.2014 21:04:52,18
14.03.2014 07:34:34,18
15.03.2014 06:15:28,2
15.03.2014 16:32:05,3
16.03.2014 05:36:42,9
17.03.2014 03:02:04,18
17.03.2014 03:23:37,5
17.03.2014 22:21:48,11
18.03.2014 18:58:40,4
19.03.2014 18:50:37,17
20.03.2014 11:44:47,6
21.03.2014 03:51:32,5
21.03.2014 12:15:34,4
21.03.2014 14:21:05,8
22.03.2014 05:46:10,5
22.03.2014 18:24:11,20
23.03.2014 15:33:21,18
24.03.2014 05:00:16,10
24.03.2014 11:37:00,16
25.03.2014 05:32:46,16
25.03.2014 10:06:31,4
26.03.2014 06:14:54,13
26.03.2014 06:42:39,3
26.03.2014 13:47:55,1
26.03.2014 19:44:50,17
27.03.2014 10:54:56,11
27.03.2014 22:55:12,17
28.03.2014 09:15:31,18
29.03.2014 07:39:53,13
30.03.2014 01:58:36,14
31.03.2014 00:52:47,13
31.03.2014 06:31:13,8
31.03.2014 16:25:24,7
01.04.2014 08:59:12,4
01.04.2014 16:24:04,10
02.04.2014 12:52:06,10
03.04.2014 02:42:06,19
04.04.2014 00:45:13,1
04.04.2014 11:45:25,2
05.04.2014 08:17:41,9
05.04.2014 15:02:37,14
05.04.2014 18:35:35,6
05.04.2014 20:26:58,6
06.04.2014 19:19:08,15
06.04.2014 21:33:06,4
07.04.2014 12:45:09,3
07.04.2014 14:55:48,2
08.04.2014 11:20:52,13
08.04.2014 14:52:30,15
09.04.2014 01:02:59,2
09.04.2014 22:52:22,12
10.04.2014 17:03:54,13
11.04.2014 06:34:17,18
11.04.2014 19:29:48,11
11.04.2014 23:10:46,1
12.04.2014 19:44:55,17
13.04.2014 00:35:36,5
13.04.2014 16:03:10,4
14.04.2014 07:04:23,12
14.04.2014 21:51:35,13
15.04.2014 06:53:18,3
15.04.2014 08:30:05,20
15.04.2014 21:55:50,19
15.04.2014 22:24:24,16
16.04.2014 05:39:29,6
16.04.2014 06:09:06,9
16.04.2014 20:04:58,9
17.04.2014 18:17:42,10
18.04.2014 03:18:48,16
18.04.2014 12:15:44,14
19.04.2014 09:42:06,12
19.04.2014 15:56:27,19
19.04.2014 22:00:53,20
20.04.2014 12:28:17,18
21.04.2014 06:42:43,6
22.04.2014 02:07:26,2
22.04.2014 10:54:33,17
22.04.2014 20:08:39,11
22.04.2014 22:15:02,12
23.04.2014 05:02:01,2
23.04.2014 08:53:26,13
23.04.2014 18:16:04,6
24.04.2014 07:02:44,14
24.04.2014 17:56:42,9
24.04.2014 20:09:41,1
25.04.2014 16:08:21,4
25.04.2014 21:07:51,12
26.04.2014 17:48:39,10
27.04.2014 17:47:35,17
27.04.2014 21:28:29,2
28.04.2014 12:27:54,10
28.04.2014 21:50:51,9
29.04.2014 15:38:11,12
29.04.2014 21:07:25,11
29.04.2014 23:51:00,1
30.04.2014 23:48:19,11
01.05.2014 19:01:27,4
02.05.2014 03:35:23,2
02.05.2014 17:40:50,20
03.05.2014 11:57:01,2
03.05.2014 15:59:32,6
04.05.2014 07:46:50,9
04.05.2014 13:48:43,15
04.05.2014 20:28:23,17
05.05.2014 16:15:54,10
06.05.2014 10:11:01,9
06.05.2014 22:40:20,2
07.05.2014 19:27:23,4
08.05.2014 08:15:31,18
08.05.2014 12:38:35,10
08.05.2014 21:23:04,18
09.05.2014 05:35:09,3
10.05.2014 00:32:58,16
10.05.2014 07:30:19,11
10.05.2014 14:07:11,18
11.05.2014 12:59:37,12
11.05.2014 22:28:30,16
12.05.2014 17:21:50,5
13.05.2014 03:03:15,11
13.05.2014 05:30:11,3
13.05.2014 19:30:27,7
14.05.2014 14:36:20,9
14.05.2014 19:13:47,7
15.05.2014 05:34:20,3
15.05.2014 15:50:37,1
16.05.2014 13:11:38,1
17.05.2014 13:20:02,11
18.05.2014 11:03:41,12
19.05.2014 01:18:19,11
19.05.2014 18:22:53,7
19.05.2014 20:26:18,12
20.05.2014 08:10:37,7
21.05.2014 06:14:14,14
22.05.2014 06:21:00,19
22.05.2014 07:54:52,17
22.05.2014 19:59:49,7
23.05.2014 19:05:43,4
24.05.2014 03:41:45,3
24.05.2014 10:56:56,14
25.05.2014 04:17:54,6
25.05.2014 21:52:50,7
25.05.2014 23:19:02,10
26.05.2014 00:25:13,3
26.05.2014 11:20:40,20
26.05.2014 23:38:41,13
27.05.2014 19:01:05,5
28.05.2014 03:53:58,13
28.05.2014 22:09:29,5
29.05.2014 20:33:53,16
30.05.2014 00:00:30,13
30.05.2014 00:45:34,4
30.05.2014 22:52:16,10
31.05.2014 21:24:31,19
01.06.2014 14:18:55,1
01.06.2014 21:24:18,3
02.06.2014 03:09:52,18
02.06.2014 04:54:57,6
02.06.2014 13:49:01,2
03.06.2014 11:34:43,17
03.06.2014 12:25:07,20
04.06.2014 01:14:50,6
04.06.2014 15:18:53,18
04.06.2014 19:05:31,20
05.06.2014 14:43:14,10
06.06.2014 06:48:58,11
07.06.2014 04:51:43,11
07.06.2014 13:08:03,2
08.06.2014 04:40:23,16
08.06.2014 07:08:35,3
08.06.2014 08:32:09,12
08.06.2014 16:39:10,12
09.06.2014 04:34:26,15
09.06.2014 08:12:37,4
10.06.2014 01:33:58,4
10.06.2014 04:03:41,4
11.06.2014 03:43:41,8
11.06.2014 16:35:37,1
11.06.2014 21:18:06,8
12.06.2014 05:55:17,4
12.06.2014 11:03:38,9
12.06.2014 21:26:23,2
13.06.2014 12:08:54,11
13.06.2014 21:41:01,19
14.06.2014 18:52:48,10
15.06.2014 08:53:40,3
15.06.2014 23:31:47,5
16.06.2014 13:40:06,8
16.06.2014 23:15:47,20
17.06.2014 10:30:23,12
17.06.2014 18:42:52,9
18.06.2014 16:28:01,11
19.06.2014 09:31:38,9
20.06.2014 07:03:43,19
21.06.2014 02:38:20,19
21.06.2014 06:39:04,11
22.06.2014 02:01:20,17
22.06.2014 15:15:59,9
23.06.2014 13:44:17,2
24.06.2014 12:51:26,13
25.06.2014 01:40:55,17
25.06.2014 23:36:49,18
26.06.2014 14:05:35,4
26.06.2014 22:00:21,15
27.06.2014 13:30:08,2
28.06.2014 06:38:58,17
29.06.2014 01:31:59,6
29.06.2014 09:41:16,9
30.06.2014 04:15:34,17
30.06.2014 23:14:22,14
01.07.2014 05:45:15,20
01.07.2014 16:25:58,13
02.07.2014 12:57:02,10
02.07.2014 15:54:10,10
03.07.2014 07:52:30,13
03.07.2014 16:48:24,20
04.07.2014 05:28:38,2
04.07.2014 18:42:17,20
05.07.2014 09:21:36,17
06.07.2014 04:59:15,19
07.07.2014 00:11:01,15
07.07.2014 09:56:52,16
07.07.2014 18:49:06,13
08.07.2014 03:21:29,17
08.07.2014 23:10:31,10
09.07.2014 09:17:05,4
09.07.2014 12:49:01,1
10.07.2014 09:36:13,1
10.07.2014 10:45:13,1
10.07.2014 13:27:43,5
11.07.2014 08:49:21,14
11.07.2014 14:41:13,20
11.07.2014 16:41:16,2
11.07.2014 16:53:41,20
12.07.2014 05:58:11,13
12.07.2014 16:26:35,5
12.07.2014 22:36:49,3
13.07.2014 21:19:54,9
13.07.2014 23:25:49,16
14.07.2014 04:55:45,20
14.07.2014 05:55:21,14
14.07.2014 20:05:53,7
15.07.2014 18:13:10,15
15.07.2014 21:32:41,4
16.07.2014 11:19:16,17
17.07.2014 06:28:22,17
17.07.2014 15:31:25,14
18.07.2014 07:13:52,20
18.07.2014 20:10:31,17
19.07.2014 14:38:53,9
20.07.2014 04:38:42,18
20.07.2014 22:46:43,11
21.07.2014 13:17:14,10
22.07.2014 03:58:56,5
22.07.2014 09:29:17,16
23.07.2014 08:46:16,17
23.07.2014 20:53:29,1
24.07.2014 02:55:47,19
24.07.2014 19:46:57,9
25.07.2014 09:24:29,8
26.07.2014 05:42:28,20
26.07.2014 21:25:24,9
27.07.2014 21:05:27,10
28.07.2014 07:21:44,12
29.07.2014 06:43:30,19
29.07.2014 19:53:07,18
30.07.2014 04:25:23,3
30.07.2014 20:48:32,17
31.07.2014 19:25:31,15
01.08.2014 15:32:30,18
02.08.2014 02:18:34,17
02.08.2014 04:06:24,6
03.08.2014 03:36:29,16
03.08.2014 16:29:43,20
04.08.2014 08:36:25,16
05.08.2014 04:49:44,13
05.08.2014 06:24:08,7
05.08.2014 22:28:13,12
06.08.2014 16:01:08,7
07.08.2014 13:14:39,1
08.08.2014 02:14:26,14
08.08.2014 06:06:45,7
09.08.2014 04:06:56,1
10.08.2014 00:32:59,7
10.08.2014 06:31:45,15
10.08.2014 21:48:06,2
11.08.2014 05:15:26,7
12.08.2014 03:33:53,10
13.08.2014 02:40:48,15
13.08.2014 15:20:59,7
14.08.2014 11:33:55,17
15.08.2014 01:02:21,20
15.08.2014 08:08:59,4
15.08.2014 09:39:10,11
15.08.2014 20:12:50,3
16.08.2014 07:35:57,13
16.08.2014 12:55:05,13
16.08.2014 13:25:22,2
17.08.2014 11:15:41,1
17.08.2014 20:11:02,19
17.08.2014 21:12:20,18
17.08.2014 23:17:53,17
18.08.2014 13:09:40,16
19.08.2014 11:33:26,10
19.08.2014 16:15:07,9
20.08.2014 07:22:38,6
21.08.2014 07:28:53,18
22.08.2014 06:26:35,8
23.08.2014 01:47:19,14
23.08.2014 14:11:11,8
24.08.2014 02:13:16,5
24.08.2014 09:33:23,14
25.08.2014 00:52:00,5
25.08.2014 18:47:45,17
25.08.2014 19:04:13,10
26.08.2014 07:05:02,13
26.08.2014 12:53:47,11
27.08.2014 04:51:44,16
28.08.2014 03:44:35,5
28.08.2014 13:22:37,15
28.08.2014 19:04:42,9
29.08.2014 03:30:50,8
29.08.2014 14:35:45,20
30.08.2014 03:16:50,4
31.08.2014 03:24:10,7
31.08.2014 21:44:05,13
01.09.2014 17:06:46,4
02.09.2014 08:42:01,5
03.09.2014 02:59:59,17
03.09.2014 15:13:53,10
03.09.2014 21:20:52,1
04.09.2014 07:10:00,20
04.09.2014 23:27:30,10
05.09.2014 07:18:17,20
06.09.2014 03:21:59,16
06.09.2014 06:38:35,17
07.09.2014 00:00:41,3
07.09.2014 04:33:48,4
08.09.2014 00:00:17,9
08.09.2014 11:35:30,9
09.09.2014 08:19:01,9
09.09.2014 22:00:08,16
10.09.2014 15:27:27,1
10.09.2014 21:38:12,13
11.09.2014 15:15:48,15
12.09.2014 05:11:44,5
12.09.2014 14:23:46,3
12.09.2014 16:38:08,17
13.09.2014 04:45:49,6
13.09.2014 17:42:51,1
14.09.2014 11:14:21,18
15.09.2014 01:34:19,18
15.09.2014 09:58:19,6
16.09.2014 05:17:51,10
16.09.2014 15:19:36,10
17.09.2014 04:36:14,8
17.09.2014 23:34:19,13
18.09.2014 03:48:53,17
18.09.2014 11:29:34,4
19.09.2014 09:08:10,13
20.09.2014 06:55:12,3
20.09.2014 09:15:35,4
20.09.2014 16:33:35,11
21.09.2014 10:24:12,11
22.09.2014 06:52:05,16
23.09.2014 04:10:07,10
23.09.2014 05:17:24,13
24.09.2014 03:26:29,14
24.09.2014 05:43:07,2
24.09.2014 14:36:49,4
25.09.2014 05:32:30,20
25.09.2014 18:13:59,19
26.09.2014 02:25:20,1
26.09.2014 05:02:51,9
26.09.2014 12:47:14,4
26.09.2014 13:52:10,7
27.09.2014 04:58:44,14
27.09.2014 21:09:09,18
28.09.2014 09:55:57,11
28.09.2014 23:31:28,19
29.09.2014 01:27:14,12
29.09.2014 11:00:26,13
30.09.2014 04:46:10,3
30.09.2014 22:41:04,12
01.10.2014 15:28:51,6
01.10.2014 20:37:46,19
02.10.2014 02:32:55,13
03.10.2014 02:34:30,4
03.10.2014 13:20:09,12
03.10.2014 19:38:00,8
04.10.2014 05:32:41,13
04.10.2014 10:47:32,16
04.10.2014 17:29:44,1
04.10.2014 17:53:34,19
05.10.2014 14:48:46,14
06.10.2014 14:27:43,20
07.10.2014 02:22:41,1
07.10.2014 17:00:38,5
08.10.2014 15:34:29,16
09.10.2014 09:30:53,4
10.10.2014 09:25:36,4
10.10.2014 16:36:56,11
10.10.2014 21:50:29,12
11.10.2014 10:59:27,13
11.10.2014 14:23:48,6
12.10.2014 07:44:32,2
13.10.2014 04:56:15,17
13.10.2014 12:02:38,3
13.10.2014 13:59:48,17
14.10.2014 02:37:45,5
14.10.2014 07:02:41,8
14.10.2014 13:13:53,16
15.10.2014 10:36:19,2
15.10.2014 12:36:57,14
16.10.2014 06:43:27,3
16.10.2014 22:58:15,13
17.10.2014 02:30:31,16
18.10.2014 01:13:18,15
19.10.2014 00:31:09,9
19.10.2014 20:59:22,18
20.10.2014 13:17:50,10
21.10.2014 08:44:41,5
22.10.2014 05:12:41,4
22.10.2014 08:23:57,4
22.10.2014 17:25:17,17
23.10.2014 15:14:59,15
24.10.2014 01:22:16,5
24.10.2014 03:31:02,13
24.10.2014 20:30:29,16
25.10.2014 19:42:03,8
26.10.2014 03:00:48,18
26.10.2014 19:54:09,5
27.10.2014 02:39:12,17
27.10.2014 20:53:02,8
28.10.2014 08:32:32,11
28.10.2014 18:23:36,20
29.10.2014 15:48:33,1
29.10.2014 19:04:06,12
30.10.2014 06:22:23,16
30.10.2014 19:31:40,11
31.10.2014 01:59:05,8
31.10.2014 14:11:26,17
31.10.2014 21:13:01,9
01.11.2014 01:04:33,8
01.11.2014 08:40:31,6
02.11.2014 06:18:05,5
02.11.2014 23:57:42,6
03.11.2014 08:44:23,17
03.11.2014 14:55:10,10
03.11.2014 23:20:55,16
04.11.2014 15:59:35,12
04.11.2014 22:50:25,8
05.11.2014 14:58:39,3
05.11.2014 17:37:23,12
06.11.2014 16:08:45,13
07.11.2014 04:47:45,4
07.11.2014 11:58:53,16
07.11.2014 18:10:33,6
08.11.2014 10:22:03,15
09.11.2014 03:06:20,8
09.11.2014 14:53:12,18
09.11.2014 20:47:38,20
10.11.2014 07:05:19,8
10.11.2014 20:04:21,10
11.11.2014 12:52:20,5
12.11.2014 08:37:54,4
12.11.2014 11:19:04,8
12.11.2014 15:45:33,13
12.11.2014 20:27:39,6
13.11.2014 14:05:43,7
13.11.2014 23:14:14,17
14.11.2014 11:39:26,15
15.11.2014 05:29:06,4
15.11.2014 14:47:56,8
16.11.2014 10:50:30,5
17.11.2014 00:00:58,11
17.11.2014 00:45:31,6
17.11.2014 05:22:56,9
17.11.2014 21:55:00,12
18.11.2014 07:36:38,15
18.11.2014 23:01:09,4
19.11.2014 09:54:44,2
19.11.2014 19:36:12,3
20.11.2014 00:33:19,10
20.11.2014 11:35:55,20
20.11.2014 20:14:56,18
21.11.2014 17:07:41,13
22.11.2014 12:26:41,11
23.11.2014 08:30:10,5
24.11.2014 03:44:55,12
25.11.2014 02:11:20,9
25.11.2014 23:08:52,17
26.11.2014 20:45:56,10
27.11.2014 04:51:52,3
27.11.2014 19:30:03,5
28.11.2014 18:11:13,7
29.11.2014 01:42:57,12
29.11.2014 09:07:39,4
30.11.2014 02:31:07,12
01.12.2014 02:12:19,9
01.12.2014 12:11:42,20
02.12.2014 06:31:23,16
03.12.2014 02:26:55,4
03.12.2014 18:03:32,6
04.12.2014 15:07:40,16
05.12.2014 01:31:55,1
05.12.2014 10:48:14,15
05.12.2014 17:13:54,11
06.12.2014 14:08:40,8
07.12.2014 12:32:56,2
08.12.2014 02:26:45,6
08.12.2014 04:52:36,9
08.12.2014 17:23:30,4
08.12.2014 20:31:42,18
09.12.2014 09:56:22,18
10.12.2014 07:34:38,11
10.12.2014 11:53:28,11
10.12.2014 13:14:32,7
10.12.2014 17:58:13,20
10.12.2014 23:19:31,13
11.12.2014 00:04:15,13
11.12.2014 17:01:56,20
12.12.2014 12:03:02,17
12.12.2014 13:55:48,9
13.12.2014 06:45:48,6
13.12.2014 10:10:04,9
13.12.2014 10:21:30,20
14.12.2014 08:58:41,16
14.12.2014 17:31:37,5
15.12.2014 12:57:18,16
16.12.2014 10:53:26,8
16.12.2014 21:57:51,9
17.12.2014 16:46:33,11
18.12.2014 08:56:27,9
18.12.2014 21:11:36,1
19.12.2014 00:33:43,3
19.12.2014 21:36:07,14
20.12.2014 18:53:58,12
21.12.2014 16:24:18,10
22.12.2014 08:39:24,7
22.12.2014 17:51:17,13
22.12.2014 21:47:52,1
23.12.2014 02:30:08,15
23.12.2014 07:48:43,8
23.12.2014 10:03:56,18
23.12.2014 15:11:18,12
24.12.2014 06:35:32,2
25.12.2014 06:41:39,9
25.12.2014 18:03:07,6
26.12.2014 15:54:56,14
26.12.2014 17:46:17,11
26.12.2014 20:00:53,19
26.12.2014 21:41:59,8
27.12.2014 13:21:15,20
28.12.2014 11:48:46,11
28.12.2014 18:50:38,12
29.12.2014 01:16:16,5
29.12.2014 20:38:42,19
30.12.2014 01:43:29,19
31.12.2014 00:49:28,19
31.12.2014 07:28:22,11
01.01.2015 01:58:44,20
01.01.2015 12:02:23,11
01.01.2015 16:27:08,11
02.01.2015 12:23:59,15
02.01.2015 21:28:55,17
03.01.2015 14:49:57,14
04.01.2015 06:46:51,3
04.01.2015 10:32:50,20
04.01.2015 22:39:43,4
05.01.2015 06:20:46,14
05.01.2015 08:03:16,6
05.01.2015 11:23:41,10
05.01.2015 17:24:27,2
06.01.2015 14:16:02,5
07.01.2015 06:10:36,7
07.01.2015 13:42:15,11
07.01.2015 23:15:15,5
08.01.2015 06:13:53,17
08.01.2015 09:23:40,20
09.01.2015 07:22:58,4
09.01.2015 11:21:26,15
10.01.2015 06:15:09,2
10.01.2015 17:04:06,10
11.01.2015 04:33:49,8
12.01.2015 00:12:56,15
12.01.2015 18:09:58,19
12.01.2015 23:22:04,20
13.01.2015 00:38:53,14
13.01.2015 03:09:25,11
13.01.2015 16:48:03,9
13.01.2015 18:43:24,14
14.01.2015 06:17:31,8
14.01.2015 07:00:02,13
15.01.2015 04:21:42,1
15.01.2015 16:08:15,6
16.01.2015 14:41:36,17
16.01.2015 18:18:31,4
17.01.2015 18:08:07,1
18.01.2015 11:22:42,20
18.01.2015 22:51:57,1
19.01.2015 02:48:27,3
19.01.2015 16:05:58,16
20.01.2015 12:14:20,10
21.01.2015 09:01:37,4
22.01.2015 08:26:54,1
22.01.2015 19:11:25,2
23.01.2015 14:11:43,5
24.01.2015 01:26:06,19
24.01.2015 13:16:36,14
25.01.2015 10:54:40,17
26.01.2015 03:31:50,15
26.01.2015 12:07:23,12
26.01.2015 23:59:12,5
27.01.2015 16:10:00,10
28.01.2015 08:37:31,13
29.01.2015 00:13:51,16
29.01.2015 06:23:08,5
29.01.2015 19:24:22,7
30.01.2015 02:57:34,2
30.01.2015 15:06:10,14
31.01.2015 14:41:23,7
01.02.2015 05:54:47,2
01.02.2015 10:49:10,14
01.02.2015 19:22:14,10
01.02.2015 19:53:45,9
02.02.2015 14:17:38,20
02.02.2015 16:57:28,15
03.02.2015 08:53:26,6
03.02.2015 15:30:41,14
04.02.2015 02:15:12,13
04.02.2015 10:56:31,2
04.02.2015 17:23:52,13
05.02.2015 07:16:36,10
05.02.2015 15:59:07,6
06.02.2015 04:45:41,9
06.02.2015 19:14:16,13
07.02.2015 00:38:11,18
07.02.2015 19:01:46,2
08.02.2015 17:46:45,18
09.02.2015 01:06:13,16
09.02.2015 01:19:48,3
09.02.2015 17:59:44,4
09.02.2015 23:52:14,13
10.02.2015 20:31:01,12
10.02.2015 22:29:15,18
11.02.2015 13:04:43,1
11.02.2015 16:42:46,4
12.02.2015 05:32:47,19
13.02.2015 03:31:48,10
13.02.2015 12:30:08,12
13.02.2015 21:11:08,17
14.02.2015 14:08:38,4
15.02.2015 07:08:43,14
16.02.2015 06:06:09,6
17.02.2015 00:16:27,13
17.02.2015 23:54:40,18
18.02.2015 05:28:01,13
18.02.2015 13:28:39,13
19.02.2015 01:23:59,11
19.02.2015 10:32:58,6
19.02.2015 12:49:22,10
19.02.2015 13:15:42,6
19.02.2015 13:49:02,17
20.02.2015 05:39:26,5
20.02.2015 20:17:06,7
21.02.2015 06:07:35,10
21.02.2015 14:57:13,18
21.02.2015 18:36:22,14
22.02.2015 08:29:49,11
23.02.2015 02:26:49,10
24.02.2015 02:09:50,5
25.02.2015 00:29:14,12
25.02.2015 22:56:02,18
26.02.2015 10:01:05,12
26.02.2015 16:16:08,17
27.02.2015 16:11:21,6
28.02.2015 08:18:36,12
28.02.2015 22:52:02,10
01.03.2015 09:15:47,20
01.03.2015 10:14:28,18
01.03.2015 13:26:06,12
02.03.2015 13:27:42,6
02.03.2015 14:19:16,12
03.03.2015 08:32:26,9
03.03.2015 15:22:18,13
04.03.2015 06:27:34,20
05.03.2015 02:05:37,2
05.03.2015 18:26:10,5
06.03.2015 08:51:41,4
06.03.2015 20:13:31,9
07.03.2015 14:38:08,9
08.03.2015 04:41:22,1
08.03.2015 10:08:27,4
09.03.2015 04:41:02,15
09.03.2015 11:35:54,17
09.03.2015 17:42:17,4
10.03.2015 08:04:19,7
11.03.2015 05:35:12,14
11.03.2015 20:38:58,2
12.03.2015 08:49:26,6
13.03.2015 04:33:33,13
13.03.2015 14:42:38,2
14.03.2015 02:14:26,4
14.03.2015 05:40:58,12
14.03.2015 12:19:45,14
14.03.2015 15:23:48,16
15.03.2015 10:26:19,10
15.03.2015 20:49:12,14
16.03.2015 19:59:57,18
16.03.2015 21:41:10,20
17.03.2015 19:41:11,20
18.03.2015 03:02:25,1
18.03.2015 09:20:15,7
18.03.2015 20:29:50,10
18.03.2015 22:45:44,4
19.03.2015 13:29:01,17
20.03.2015 06:20:28,3
21.03.2015 01:29:26,16
21.03.2015 15:46:40,14
22.03.2015 15:12:41,8
23.03.2015 13:35:29,1
24.03.2015 09:42:33,18
25.03.2015 05:38:47,11
25.03.2015 16:50:03,16
26.03.2015 15:15:07,7
27.03.2015 02:41:31,15
27.03.2015 14:09:34,15
28.03.2015 01:17:07,8
28.03.2015 03:11:28,1
28.03.2015 22:17:51,15
29.03.2015 04:52:10,5
30.03.2015 03:01:57,11
30.03.2015 13:33:37,19
31.03.2015 00:02:05,16
31.03.2015 15:07:12,16
