01.01.2013 03:12:42,12
01.01.2013 18:04:46,18
01.01.2013 19:10:38,7
02.01.2013 00:14:06,8
02.01.2013 16:32:14,19
03.01.2013 12:46:25,17
04.01.2013 06:15:23,17
05.01.2013 02:50:49,12
05.01.2013 14:14:58,16
06.01.2013 08:31:39,11
06.01.2013 10:40:45,2
07.01.2013 05:49:54,20
07.01.2013 18:56:14,11
08.01.2013 05:54:55,17
08.01.2013 19:43:20,6
09.01.2013 05:47:11,2
10.01.2013 01:56:38,20
10.01.2013 08:32:31,11
10.01.2013 17:48:39,2
10.01.2013 19:03:06,3
11.01.2013 16:51:58,2
12.01.2013 16:48:34,12
12.01.2013 18:49:33,5
13.01.2013 05:57:25,4
13.01.2013 07:55:35,5
14.01.2013 02:27:34,17
14.01.2013 09:03:05,16
14.01.2013 21:00:36,18
15.01.2013 10:24:51,12
15.01.2013 21:31:59,5
16.01.2013 19:28:22,20
17.01.2013 10:41:26,16
18.01.2013 06:50:17,6
19.01.2013 05:20:17,14
19.01.2013 10:58:31,15
19.01.2013 12:40:46,17
20.01.2013 11:15:39,17
20.01.2013 12:15:00,12
21.01.2013 01:20:07,15
21.01.2013 12:04:37,4
21.01.2013 23:32:20,19
22.01.2013 13:14:34,12
22.01.2013 18:11:34,6
23.01.2013 01:59:31,8
24.01.2013 01:23:07,15
24.01.2013 02:24:35,13
24.01.2013 08:11:02,20
24.01.2013 15:07:38,8
24.01.2013 22:38:07,14
25.01.2013 16:30:17,15
25.01.2013 22:30:14,14
26.01.2013 10:47:02,19
27.01.2013 01:21:17,7
27.01.2013 20:32:39,18
27.01.2013 20:43:17,1
28.01.2013 09:16:43,12
28.01.2013 19:06:18,20
29.01.2013 03:06:43,12
29.01.2013 10:25:02,7
30.01.2013 05:26:45,15
30.01.2013 16:32:17,17
30.01.2013 18:05:15,20
31.01.2013 04:09:38,18
31.01.2013 22:20:45,9
01.02.2013 04:42:55,2
01.02.2013 12:13:19,2
02.02.2013 03:51:38,12
03.02.2013 00:42:19,2
03.02.2013 05:33:58,8
03.02.2013 15:34:42,14
04.02.2013 05:22:42,20
04.02.2013 05:47:48,10
04.02.2013 16:44:37,14
04.02.2013 22:32:51,12
05.02.2013 05:27:13,9
05.02.2013 23:19:50,14
06.02.2013 21:46:53,5
07.02.2013 17:21:36,2
08.02.2013 15:00:06,17
09.02.2013 01:46:13,20
09.02.2013 05:58:58,14
10.02.2013 02:23:42,13
11.02.2013 02:16:49,20
11.02.2013 20:25:28,12
11.02.2013 21:35:44,9
12.02.2013 06:47:10,13
13.02.2013 04:30:51,18
13.02.2013 07:46:40,19
13.02.2013 13:27:44,9
14.02.2013 00:45:12,1
14.02.2013 08:08:57,8
15.02.2013 04:12:09,5
15.02.2013 12:05:14,18
16.02.2013 11:00:57,7
16.02.2013 16:52:07,9
16.02.2013 22:18:57,10
16.02.2013 23:13:12,20
17.02.2013 03:08:09,7
17.02.2013 10:46:42,19
18.02.2013 08:54:27,20
18.02.2013 23:09:26,6
18.02.2013 23:46:29,18
19.02.2013 04:54:28,5
19.02.2013 06:48:03,11
20.02.2013 06:53:41,6
20.02.2013 17:22:00,2
20.02.2013 21:43:59,13
21.02.2013 18:10:42,9
22.02.2013 17:20:11,11
23.02.2013 07:59:45,18
23.02.2013 13:02:36,6
24.02.2013 13:02:43,15
24.02.2013 22:39:43,6
25.02.2013 13:46:10,2
25.02.2013 17:40:48,14
25.02.2013 22:07:54,12
26.02.2013 09:37:37,15
27.02.2013 00:45:16,9
27.02.2013 06:30:30,8
27.02.2013 13:18:51,6
28.02.2013 03:21:39,16
28.02.2013 18:53:00,4
28.02.2013 22:47:47,15
01.03.2013 16:05:56,18
02.03.2013 14:22:58,8
02.03.2013 19:18:53,13
03.03.2013 12:03:11,1
03.03.2013 15:07:52,18
04.03.2013 06:41:25,5
05.03.2013 02:10:59,3
05.03.2013 08:41:46,5
05.03.2013 19:56:19,14
06.03.2013 07:45:22,7
06.03.2013 20:04:06,4
07.03.2013 02:58:11,1
07.03.2013 04:09:57,7
07.03.2013 15:16:31,8
07.03.2013 18:39:09,1
07.03.2013 23:22:15,14
08.03.2013 10:45:53,14
09.03.2013 06:51:03,18
09.03.2013 14:55:38,16
09.03.2013 15:27:57,12
10.03.2013 05:12:31,20
11.03.2013 03:08:44,11
11.03.2013 03:50:24,7
11.03.2013 17:06:19,14
11.03.2013 23:21:55,10
12.03.2013 01:53:30,8
12.03.2013 08:27:01,5
12.03.2013 12:02:46,15
12.03.2013 23:40:58,20
13.03.2013 11:08:46,7
13.03.2013 17:40:33,16
14.03.2013 02:15:00,14
14.03.2013 04:06:50,1
15.03.2013 02:38:00,6
15.03.2013 20:14:01,19
16.03.2013 08:24:15,18
16.03.2013 09:09:21,12
17.03.2013 01:10:26,16
17.03.2013 16:09:42,7
17.03.2013 17:39:17,12
18.03.2013 17:17:51,7
19.03.2013 00:26:22,10
19.03.2013 10:52:11,15
20.03.2013 10:41:45,2
20.03.2013 20:37:57,15
21.03.2013 03:52:03,7
21.03.2013 16:14:24,10
22.03.2013 05:07:57,9
22.03.2013 14:31:27,4
22.03.2013 17:16:23,1
23.03.2013 01:03:12,7
23.03.2013 06:16:05,14
23.03.2013 18:59:54,20
23.03.2013 22:00:47,8
24.03.2013 18:04:31,15
25.03.2013 05:52:51,2
25.03.2013 18:36:56,2
26.03.2013 02:01:46,18
26.03.2013 23:00:58,7
27.03.2013 08:12:14,15
28.03.2013 04:11:25,13
28.03.2013 20:32:14,5
29.03.2013 01:31:22,11
29.03.2013 22:36:52,14
30.03.2013 19:35:58,17
31.03.2013 18:09:33,9
01.04.2013 15:47:50,2
01.04.2013 22:40:23,1
02.04.2013 13:58:00,1
02.04.2013 23:27:50,9
03.04.2013 02:09:16,19
03.04.2013 09:41:34,7
04.04.2013 03:03:19,17
05.04.2013 00:47:17,12
05.04.2013 07:14:29,17
05.04.2013 10:46:14,20
06.04.2013 00:04:09,11
06.04.2013 00:20:53,1
06.04.2013 16:26:24,2
07.04.2013 15:48:51,5
07.04.2013 16:01:35,1
08.04.2013 11:24:47,17
09.04.2013 11:27:39,5
09.04.2013 17:05:21,15
10.04.2013 16:08:55,19
10.04.2013 23:44:36,7
11.04.2013 21:52:53,1
12.04.2013 06:16:54,9
13.04.2013 06:06:54,9
13.04.2013 06:43:34,11
13.04.2013 09:05:04,11
13.04.2013 14:27:03,4
13.04.2013 23:34:12,2
14.04.2013 06:08:52,17
14.04.2013 13:11:46,1
14.04.2013 14:05:16,7
14.04.2013 23:19:38,5
15.04.2013 16:23:02,6
15.04.2013 18:45:05,4
16.04.2013 03:33:55,9
16.04.2013 08:39:38,6
16.04.2013 21:18:37,2
16.04.2013 23:18:47,9
17.04.2013 03:52:17,20
17.04.2013 05:18:10,14
17.04.2013 06:55:38,12
17.04.2013 13:07:32,2
18.04.2013 10:01:54,17
18.04.2013 13:40:21,4
18.04.2013 17:25:28,6
18.04.2013 20:01:49,16
19.04.2013 11:08:49,16
20.04.2013 00:06:56,3
20.04.2013 19:13:29,10
21.04.2013 12:21:59,3
21.04.2013 15:29:24,18
22.04.2013 05:52:08,18
22.04.2013 21:30:06,11
23.04.2013 16:34:57,6
24.04.2013 08:27:35,16
25.04.2013 01:02:46,18
25.04.2013 03:19:25,5
26.04.2013 01:06:53,13
26.04.2013 20:21:52,10
27.04.2013 12:55:37,1
27.04.2013 21:56:53,15
28.04.2013 17:03:00,11
28.04.2013 23:36:05,15
29.04.2013 01:27:17,9
29.04.2013 03:49:38,2
29.04.2013 18:41:28,10
30.04.2013 07:02:57,2
30.04.2013 09:26:55,13
30.04.2013 20:57:40,15
01.05.2013 01:09:53,3
01.05.2013 06:27:58,5
01.05.2013 13:20:20,6
02.05.2013 10:58:53,16
02.05.2013 18:51:30,13
02.05.2013 19:34:07,18
03.05.2013 06:12:04,7
03.05.2013 16:14:52,13
04.05.2013 14:08:40,4
04.05.2013 17:45:08,14
05.05.2013 12:37:46,9
05.05.2013 16:57:14,19
05.05.2013 19:02:11,12
06.05.2013 03:05:36,10
06.05.2013 11:21:53,19
07.05.2013 10:05:56,6
08.05.2013 07:58:18,11
08.05.2013 22:49:32,19
09.05.2013 15:53:08,7
10.05.2013 12:53:25,20
10.05.2013 18:05:55,6
11.05.2013 15:26:25,6
12.05.2013 12:44:58,19
13.05.2013 08:10:19,12
14.05.2013 03:49:07,9
14.05.2013 20:37:35,14
15.05.2013 09:45:14,17
16.05.2013 01:13:36,6
16.05.2013 15:02:11,9
17.05.2013 05:43:41,13
17.05.2013 11:20:56,8
17.05.2013 17:13:38,4
17.05.2013 19:58:04,4
18.05.2013 01:42:11,20
18.05.2013 16:17:47,16
18.05.2013 17:03:17,12
19.05.2013 14:07:55,13
20.05.2013 11:11:06,9
20.05.2013 20:37:31,12
20.05.2013 23:31:48,1
21.05.2013 08:49:30,14
22.05.2013 02:55:44,5
22.05.2013 21:50:28,12
23.05.2013 02:15:33,10
23.05.2013 08:53:57,5
23.05.2013 13:25:26,16
23.05.2013 18:55:48,10
24.05.2013 05:07:30,18
24.05.2013 13:12:28,19
25.05.2013 07:38:37,10
25.05.2013 17:47:42,4
25.05.2013 22:54:31,16
26.05.2013 14:10:47,12
26.05.2013 22:06:58,16
27.05.2013 05:05:05,8
27.05.2013 08:31:16,20
28.05.2013 00:04:07,5
28.05.2013 11:45:24,12
29.05.2013 03:34:30,13
29.05.2013 15:31:17,4
30.05.2013 00:27:33,9
30.05.2013 23:30:49,20
30.05.2013 23:49:15,19
31.05.2013 12:20:06,5
31.05.2013 21:00:38,17
01.06.2013 16:09:07,11
01.06.2013 23:29:00,4
02.06.2013 18:33:56,9
03.06.2013 09:22:34,1
03.06.2013 18:33:26,11
04.06.2013 15:02:13,17
05.06.2013 03:13:04,13
05.06.2013 16:35:31,15
06.06.2013 14:13:37,19
07.06.2013 11:44:03,4
07.06.2013 21:06:08,11
08.06.2013 16:05:56,7
08.06.2013 18:53:43,2
09.06.2013 18:08:23,7
09.06.2013 22:30:03,19
10.06.2013 02:02:38,12
10.06.2013 06:30:52,19
11.06.2013 02:24:44,14
11.06.2013 08:59:11,10
12.06.2013 07:12:53,1
13.06.2013 00:49:46,3
13.06.2013 18:39:53,3
14.06.2013 07:38:06,15
15.06.2013 06:35:58,12
15.06.2013 15:33:18,8
15.06.2013 23:29:57,12
16.06.2013 19:43:01,6
17.06.2013 12:10:29,18
17.06.2013 16:05:15,1
18.06.2013 11:00:39,18
18.06.2013 23:16:49,5
19.06.2013 04:12:37,10
19.06.2013 06:57:25,17
20.06.2013 03:58:39,8
20.06.2013 15:20:14,6
20.06.2013 23:52:28,12
21.06.2013 18:00:57,2
21.06.2013 21:59:23,14
21.06.2013 23:58:14,8
22.06.2013 02:56:08,4
22.06.2013 13:23:03,18
23.06.2013 11:53:15,7
23.06.2013 20:56:12,3
24.06.2013 16:38:40,8
24.06.2013 23:59:44,18
25.06.2013 09:45:23,17
25.06.2013 21:54:34,11
26.06.2013 19:13:43,5
27.06.2013 17:21:17,15
28.06.2013 10:42:12,7
29.06.2013 00:21:52,2
29.06.2013 07:32:59,20
30.06.2013 02:09:07,14
30.06.2013 14:59:10,11
30.06.2013 21:32:10,14
01.07.2013 12:02:56,13
01.07.2013 20:36:58,17
02.07.2013 00:21:39,2
02.07.2013 04:07:27,8
02.07.2013 10:12:52,19
02.07.2013 22:11:21,20
03.07.2013 18:58:12,11
03.07.2013 19:38:56,17
04.07.2013 18:26:27,6
05.07.2013 10:21:41,18
05.07.2013 10:34:04,5
06.07.2013 08:58:30,6
07.07.2013 03:36:24,16
08.07.2013 01:14:18,2
08.07.2013 15:30:12,14
09.07.2013 06:36:32,14
09.07.2013 23:31:12,8
10.07.2013 20:45:55,5
11.07.2013 20:18:59,13
12.07.2013 12:27:25,15
12.07.2013 20:20:39,11
13.07.2013 15:08:48,16
14.07.2013 00:33:53,11
14.07.2013 06:30:37,19
14.07.2013 11:32:57,18
14.07.2013 14:55:05,7
14.07.2013 17:08:26,3
15.07.2013 07:31:17,7
15.07.2013 16:55:09,7
16.07.2013 06:18:09,6
16.07.2013 20:27:20,15
17.07.2013 09:31:02,1
17.07.2013 12:56:04,18
18.07.2013 07:01:32,10
18.07.2013 15:38:52,17
19.07.2013 03:22:05,5
19.07.2013 20:39:02,17
20.07.2013 20:46:32,18
21.07.2013 14:37:17,18
22.07.2013 01:07:04,11
22.07.2013 08:21:56,15
22.07.2013 23:58:25,14
23.07.2013 22:20:58,17
24.07.2013 11:28:49,10
24.07.2013 12:10:19,12
24.07.2013 18:16:04,15
25.07.2013 05:11:27,2
25.07.2013 11:09:50,15
26.07.2013 00:02:29,5
26.07.2013 19:22:46,12
27.07.2013 01:07:35,13
27.07.2013 19:39:07,2
27.07.2013 23:49:42,18
28.07.2013 10:55:39,9
28.07.2013 21:33:24,1
29.07.2013 09:22:27,3
29.07.2013 17:51:11,12
29.07.2013 23:53:07,5
30.07.2013 15:37:54,2
31.07.2013 08:41:57,14
31.07.2013 16:42:31,16
01.08.2013 09:35:46,17
01.08.2013 09:59:22,15
01.08.2013 12:05:56,19
02.08.2013 12:08:19,8
03.08.2013 04:50:32,7
03.08.2013 15:38:11,17
04.08.2013 10:22:16,11
04.08.2013 18:32:37,3
05.08.2013 13:59:50,8
06.08.2013 08:11:34,14
06.08.2013 13:53:45,10
07.08.2013 12:36:31,14
08.08.2013 00:47:43,2
08.08.2013 11:40:28,3
09.08.2013 10:00:32,6
09.08.2013 13:25:53,17
09.08.2013 16:31:07,20
10.08.2013 12:21:44,1
11.08.2013 02:39:53,17
11.08.2013 23:32:16,15
12.08.2013 04:37:03,19
12.08.2013 19:38:52,15
12.08.2013 21:39:19,13
13.08.2013 02:13:19,20
13.08.2013 08:51:45,9
13.08.2013 12:19:31,9
13.08.2013 15:21:35,1
14.08.2013 00:29:30,16
14.08.2013 11:28:45,14
14.08.2013 19:14:17,1
15.08.2013 01:12:37,4
15.08.2013 18:23:01,5
16.08.2013 11:31:50,3
16.08.2013 23:16:32,10
17.08.2013 00:34:36,9
17.08.2013 07:16:14,2
17.08.2013 09:13:32,9
18.08.2013 03:18:15,7
18.08.2013 03:40:15,7
18.08.2013 19:27:56,10
19.08.2013 01:58:21,11
19.08.2013 10:12:17,7
19.08.2013 21:11:34,17
20.08.2013 01:36:39,19
20.08.2013 09:31:02,1
21.08.2013 09:05:05,7
21.08.2013 13:27:26,20
22.08.2013 08:46:37,7
23.08.2013 03:50:48,17
23.08.2013 17:44:28,15
24.08.2013 17:51:38,2
24.08.2013 23:00:05,18
25.08.2013 00:25:29,12
25.08.2013 20:40:02,4
26.08.2013 19:54:32,9
27.08.2013 19:05:56,14
28.08.2013 11:32:15,19
29.08.2013 09:02:18,12
30.08.2013 06:27:59,12
31.08.2013 04:39:41,12
31.08.2013 06:29:38,16
31.08.2013 22:02:15,9
01.09.2013 05:01:11,17
02.09.2013 03:30:35,15
03.09.2013 03:25:26,5
03.09.2013 23:59:00,16
04.09.2013 20:47:19,5
05.09.2013 05:06:26,20
06.09.2013 02:48:32,11
06.09.2013 21:42:31,8
07.09.2013 06:53:44,7
07.09.2013 19:22:07,14
08.09.2013 02:59:30,2
08.09.2013 03:58:26,15
08.09.2013 22:33:42,19
09.09.2013 22:13:40,8
10.09.2013 05:01:21,9
10.09.2013 13:05:45,9
10.09.2013 19:48:53,10
11.09.2013 09:44:02,2
11.09.2013 12:09:01,11
12.09.2013 01:26:21,12
12.09.2013 03:29:58,17
12.09.2013 06:55:51,1
12.09.2013 19:08:31,14
13.09.2013 13:46:48,15
13.09.2013 23:46:33,17
14.09.2013 15:36:40,18
15.09.2013 11:34:30,15
16.09.2013 04:48:16,1
16.09.2013 12:51:18,14
17.09.2013 02:55:47,9
17.09.2013 22:08:06,15
18.09.2013 00:19:23,1
18.09.2013 09:04:54,3
18.09.2013 19:48:12,17
19.09.2013 11:00:06,8
19.09.2013 23:22:30,19
20.09.2013 10:02:11,5
21.09.2013 08:10:19,2
21.09.2013 16:06:12,7
22.09.2013 07:54:34,20
22.09.2013 18:18:06,11
23.09.2013 17:52:21,7
24.09.2013 06:37:06,15
24.09.2013 10:45:42,16
24.09.2013 17:52:41,17
25.09.2013 13:18:47,3
25.09.2013 17:05:41,4
26.09.2013 14:45:56,6
26.09.2013 15:56:21,11
27.09.2013 03:33:57,16
27.09.2013 21:19:22,15
28.09.2013 04:52:18,15
28.09.2013 08:30:04,19
29.09.2013 06:23:14,11
29.09.2013 09:18:32,17
29.09.2013 17:05:40,18
29.09.2013 19:21:54,4
30.09.2013 09:44:24,19
30.09.2013 19:24:21,2
30.09.2013 23:17:25,10
01.10.2013 16:08:37,5
02.10.2013 05:31:05,8
02.10.2013 13:55:36,18
02.10.2013 15:56:04,8
02.10.2013 20:04:58,16
02.10.2013 23:57:30,14
03.10.2013 02:38:38,3
03.10.2013 04:05:00,6
03.10.2013 08:38:19,11
03.10.2013 20:29:30,8
04.10.2013 02:56:27,17
04.10.2013 10:01:13,19
05.10.2013 07:15:49,17
05.10.2013 23:33:08,7
06.10.2013 07:34:21,6
06.10.2013 19:36:31,11
07.10.2013 02:18:34,11
07.10.2013 21:29:06,3
07.10.2013 23:30:25,16
08.10.2013 19:15:54,11
09.10.2013 19:17:56,10
10.10.2013 06:11:12,20
10.10.2013 22:05:35,4
11.10.2013 02:37:52,20
11.10.2013 12:12:04,6
12.10.2013 10:22:55,9
12.10.2013 18:20:09,18
13.10.2013 07:01:39,13
14.10.2013 00:50:42,2
14.10.2013 19:17:23,12
14.10.2013 22:09:32,16
15.10.2013 08:57:33,16
15.10.2013 20:52:01,14
16.10.2013 12:53:44,7
16.10.2013 18:27:09,3
17.10.2013 05:50:10,18
17.10.2013 08:55:59,6
17.10.2013 19:06:51,10
17.10.2013 22:33:39,7
18.10.2013 21:05:14,17
19.10.2013 13:33:21,17
20.10.2013 08:16:41,17
20.10.2013 08:42:16,11
20.10.2013 14:02:46,2
20.10.2013 20:30:22,19
21.10.2013 14:24:08,5
21.10.2013 22:03:26,8
21.10.2013 23:49:09,18
22.10.2013 04:39:28,17
22.10.2013 09:05:21,17
23.10.2013 03:09:11,3
23.10.2013 17:36:04,4
24.10.2013 08:55:36,4
25.10.2013 05:44:26,19
26.10.2013 02:01:46,13
26.10.2013 13:07:20,15
26.10.2013 14:49:15,16
27.10.2013 07:36:46,4
28.10.2013 00:01:27,17
28.10.2013 21:37:04,8
29.10.2013 17:19:22,5
29.10.2013 19:38:59,20
29.10.2013 20:23:35,8
29.10.2013 22:14:36,16
30.10.2013 13:36:41,5
30.10.2013 23:50:24,14
31.10.2013 20:04:24,15
01.11.2013 03:30:53,16
01.11.2013 12:26:53,16
02.11.2013 02:31:07,13
02.11.2013 09:37:51,17
03.11.2013 04:32:18,7
03.11.2013 10:25:15,6
03.11.2013 16:04:09,10
04.11.2013 10:09:21,1
04.11.2013 15:01:33,18
05.11.2013 13:13:46,10
05.11.2013 16:53:32,5
06.11.2013 16:57:19,8
06.11.2013 21:41:59,5
07.11.2013 16:37:50,1
07.11.2013 22:23:30,18
08.11.2013 07:53:47,17
08.11.2013 18:59:50,10
09.11.2013 00:30:46,4
09.11.2013 04:12:13,13
10.11.2013 03:31:37,16
11.11.2013 01:09:59,4
12.11.2013 00:21:43,9
12.11.2013 04:06:23,4
12.11.2013 11:48:32,11
12.11.2013 13:01:57,6
13.11.2013 00:52:57,19
13.11.2013 09:37:26,9
13.11.2013 11:50:08,6
13.11.2013 23:43:12,2
14.11.2013 09:50:18,14
15.11.2013 01:56:49,10
16.11.2013 00:10:57,15
16.11.2013 06:30:39,5
17.11.2013 03:46:30,10
17.11.2013 09:53:05,15
18.11.2013 05:57:51,20
18.11.2013 12:00:53,8
18.11.2013 12:33:06,19
19.11.2013 02:01:46,5
19.11.2013 15:01:21,5
20.11.2013 11:33:37,19
21.11.2013 10:05:37,13
21.11.2013 23:57:55,19
22.11.2013 01:01:21,7
22.11.2013 03:34:05,20
22.11.2013 08:52:14,18
23.11.2013 06:16:25,18
23.11.2013 20:00:39,17
24.11.2013 02:53:07,17
24.11.2013 09:47:01,10
25.11.2013 08:34:01,14
26.11.2013 07:34:24,13
27.11.2013 06:07:46,2
27.11.2013 21:52:17,1
28.11.2013 17:16:48,12
28.11.2013 18:03:51,20
29.11.2013 11:25:17,4
30.11.2013 05:20:38,6
30.11.2013 10:50:57,1
30.11.2013 11:06:32,15
30.11.2013 22:42:24,14
01.12.2013 00:08:13,15
01.12.2013 23:37:53,9
02.12.2013 04:28:35,10
02.12.2013 12:13:03,12
03.12.2013 07:47:53,1
03.12.2013 23:04:47,12
04.12.2013 00:42:54,7
04.12.2013 05:56:25,2
04.12.2013 08:34:56,20
05.12.2013 00:32:02,20
05.12.2013 18:11:56,3
06.12.2013 02:04:29,8
06.12.2013 02:44:16,1
07.12.2013 01:51:18,16
08.12.2013 01:21:59,7
09.12.2013 00:31:00,9
09.12.2013 15:27:18,1
10.12.2013 11:33:54,3
11.12.2013 05:36:37,13
11.12.2013 14:47:36,3
12.12.2013 07:16:52,10
12.12.2013 20:45:37,9
13.12.2013 18:46:53,8
14.12.2013 02:15:27,13
14.12.2013 17:56:08,1
15.12.2013 05:45:20,6
15.12.2013 11:22:45,19
16.12.2013 09:24:23,13
16.12.2013 10:33:42,5
17.12.2013 01:31:34,12
17.12.2013 04:25:26,19
17.12.2013 14:18:47,19
18.12.2013 07:32:23,5
18.12.2013 22:46:05,4
19.12.2013 09:20:38,20
19.12.2013 13:42:23,4
20.12.2013 04:55:54,4
20.12.2013 06:34:34,17
20.12.2013 22:55:41,7
21.12.2013 19:05:40,20
22.12.2013 04:44:10,16
23.12.2013 01:22:51,5
23.12.2013 06:33:53,2
23.12.2013 11:42:53,14
23.12.2013 13:57:07,13
24.12.2013 04:28:22,10
24.12.2013 15:07:35,6
25.12.2013 03:06:03,18
25.12.2013 08:58:38,6
25.12.2013 13:21:25,12
25.12.2013 18:39:19,6
25.12.2013 22:20:09,7
26.12.2013 15:20:36,4
26.12.2013 23:32:02,19
27.12.2013 22:22:15,10
28.12.2013 05:59:34,4
28.12.2013 06:59:44,11
28.12.2013 08:26:13,3
28.12.2013 21:54:05,16
29.12.2013 20:31:42,10
30.12.2013 02:28:58,14
30.12.2013 20:10:23,7
31.12.2013 08:32:48,17
31.12.2013 19:42:11,1
01.01.2014 05:17:41,13
02.01.2014 04:35:32,5
02.01.2014 13:39:33,2
03.01.2014 07:26:06,7
03.01.2014 12:56:32,4
04.01.2014 09:58:13,20
04.01.2014 17:53:14,13
05.01.2014 07:43:50,12
05.01.2014 17:16:34,7
06.01.2014 15:36:38,2
06.01.2014 16:37:34,8
07.01.2014 10:40:46,15
08.01.2014 04:59:49,4
09.01.2014 01:41:00,4
09.01.2014 18:11:27,4
09.01.2014 22:34:58,12
10.01.2014 19:46:19,18
11.01.2014 13:23:21,16
11.01.2014 22:16:27,3
12.01.2014 03:52:39,2
12.01.2014 13:55:00,2
12.01.2014 19:20:49,6
13.01.2014 19:00:55,9
14.01.2014 02:15:19,2
15.01.2014 00:00:06,11
15.01.2014 16:32:48,20
16.01.2014 10:28:09,1
16.01.2014 11:19:41,4
16.01.2014 17:40:41,14
17.01.2014 13:53:46,4
18.01.2014 00:48:50,1
18.01.2014 13:04:51,17
19.01.2014 05:07:06,9
19.01.2014 15:34:55,11
20.01.2014 05:34:30,15
20.01.2014 10:09:15,13
20.01.2014 10:25:35,6
21.01.2014 07:31:26,12
22.01.2014 06:01:32,12
22.01.2014 14:57:21,10
23.01.2014 01:38:47,15
23.01.2014 06:53:54,11
23.01.2014 12:07:36,3
24.01.2014 03:21:01,8
24.01.2014 23:30:21,16
25.01.2014 13:32:22,17
25.01.2014 16:11:19,11
26.01.2014 04:05:20,9
26.01.2014 07:16:18,15
26.01.2014 11:24:39,16
26.01.2014 22:44:05,8
27.01.2014 07:29:33,10
27.01.2014 12:24:06,9
28.01.2014 02:11:11,11
28.01.2014 13:18:34,3
28.01.2014 15:44:32,18
28.01.2014 19:35:57,19
28.01.2014 20:04:30,19
29.01.2014 14:59:50,14
30.01.2014 14:35:41,10
31.01.2014 02:14:51,6
31.01.2014 23:53:32,16
01.02.2014 11:28:47,6
01.02.2014 20:39:56,6
02.02.2014 00:39:08,8
02.02.2014 20:19:36,19
03.02.2014 04:35:31,9
04.02.2014 00:28:33,6
04.02.2014 03:27:42,14
04.02.2014 07:41:24,4
05.02.2014 01:46:02,20
05.02.2014 09:23:32,10
06.02.2014 02:23:23,3
06.02.2014 11:42:16,9
07.02.2014 01:47:00,11
08.02.2014 01:09:25,7
08.02.2014 14:37:05,12
09.02.2014 02:01:11,20
09.02.2014 09:43:49,2
10.02.2014 01:46:58,12
10.02.2014 08:40:42,12
10.02.2014 12:22:34,13
11.02.2014 01:52:11,2
11.02.2014 04:55:54,17
11.02.2014 12:11:44,11
11.02.2014 12:46:01,13
11.02.2014 22:46:35,15
12.02.2014 06:57:10,15
12.02.2014 15:38:23,1
12.02.2014 22:15:40,3
13.02.2014 05:29:49,10
13.02.2014 22:40:51,11
14.02.2014 12:21:45,7
14.02.2014 17:42:53,10
14.02.2014 17:55:12,12
15.02.2014 00:25:23,2
15.02.2014 07:08:35,17
15.02.2014 16:21:12,19
16.02.2014 06:30:30,14
16.02.2014 17:30:15,4
17.02.2014 03:58:01,14
17.02.2014 08:11:07,15
17.02.2014 14:37:58,2
18.02.2014 03:56:22,18
18.02.2014 16:08:12,13
19.02.2014 06:14:52,13
19.02.2014 12:14:54,11
19.02.2014 22:45:25,17
20.02.2014 11:09:39,15
21.02.2014 00:27:36,2
21.02.2014 17:56:50,10
22.02.2014 10:46:54,9
22.02.2014 11:51:56,1
22.02.2014 14:03:09,4
22.02.2014 17:24:08,14
23.02.2014 13:12:09,4
23.02.2014 23:58:44,7
24.02.2014 06:58:14,16
25.02.2014 04:08:16,5
25.02.2014 19:56:39,9
25.02.2014 20:36:52,15
26.02.2014 10:24:32,10
27.02.2014 04:26:24,16
27.02.2014 04:55:13,4
27.02.2014 13:27:31,11
27.02.2014 17:15:46,3
28.02.2014 05:43:26,6
01.03.2014 00:17:42,2
01.03.2014 08:18:59,7
01.03.2014 20:34:21,14
02.03.2014 17:38:55,3
02.03.2014 20:32:22,9
03.03.2014 07:56:26,5
03.03.2014 08:38:47,13
03.03.2014 09:03:26,19
04.03.2014 00:44:04,11
04.03.2014 07:04:20,11
04.03.2014 19:43:13,19
05.03.2014 02:56:29,19
05.03.2014 23:12:45,8
06.03.2014 03:39:35,5
06.03.2014 22:24:01,1
07.03.2014 20:28:12,14
08.03.2014 14:58:02,8
08.03.2014 23:23:21,2
09.03.2014 08:06:02,10
10.03.2014 03:39:23,9
11.03.2014 00:44:39,14
11.03.2014 10:04:55,15
12.03.2014 03:59:34,10
13.03.2014 03:15:22,14
13.03.2014 23:18:54,6
14.03.2014 00:44:20,4
14.03.2014 16:38:51,3
15.03.2014 16:20:53,6
16.03.2014 04:09:56,7
16.03.2014 13:26:34,14
17.03.2014 11:50:14,3
17.03.2014 12:44:36,11
17.03.2014 22:26:12,3
18.03.2014 07:18:56,10
19.03.2014 00:34:47,12
19.03.2014 15:08:39,6
20.03.2014 06:41:21,11
21.03.2014 02:26:37,19
21.03.2014 04:34:02,11
21.03.2014 20:56:26,20
22.03.2014 10:19:21,11
22.03.2014 13:17:19,12
23.03.2014 08:16:25,11
23.03.2014 20:45:16,12
24.03.2014 16:08:02,17
25.03.2014 13:02:41,2
25.03.2014 14:38:36,13
26.03.2014 07:59:57,1
27.03.2014 06:37:34,7
28.03.2014 04:11:06,10
28.03.2014 18:43:07,15
29.03.2014 08:59:45,11
29.03.2014 13:53:45,1
30.03.2014 13:29:44,9
31.03.2014 05:38:15,8
31.03.2014 20:47:11,6
01.04.2014 11:42:41,3
02.04.2014 02:06:20,20
02.04.2014 21:49:39,7
03.04.2014 07:48:02,19
03.04.2014 13:20:48,10
04.04.2014 08:58:21,7
05.04.2014 00:18:45,20
05.04.2014 20:45:48,17
06.04.2014 06:30:01,11
06.04.2014 17:09:03,7
07.04.2014 12:47:20,16
08.04.2014 09:03:26,1
09.04.2014 05:37:32,7
09.04.2014 15:41:30,11
10.04.2014 00:23:16,2
10.04.2014 22:15:49,7
10.04.2014 22:26:31,3
11.04.2014 14:58:24,19
12.04.2014 13:31:08,6
12.04.2014 20:59:20,13
12.04.2014 21:49:15,18
13.04.2014 00:34:51,18
13.04.2014 08:17:30,7
14.04.2014 05:50:45,1
14.04.2014 23:38:54,2
15.04.2014 10:47:03,3
15.04.2014 15:05:09,3
15.04.2014 16:26:42,2
15.04.2014 18:59:34,14
16.04.2014 08:05:04,15
17.04.2014 05:34:28,17
17.04.2014 17:13:18,16
18.04.2014 09:40:04,11
18.04.2014 16:22:20,8
18.04.2014 18:12:27,1
18.04.2014 23:28:56,19
19.04.2014 04:21:22,17
20.04.2014 01:03:27,1
20.04.2014 10:41:48,12
21.04.2014 00:51:11,16
21.04.2014 15:14:29,9
21.04.2014 16:14:59,1
22.04.2014 13:30:12,8
22.04.2014 21:45:53,5
23.04.2014 17:57:40,4
24.04.2014 12:22:56,7
25.04.2014 10:40:51,14
25.04.2014 15:33:34,2
26.04.2014 00:52:47,4
26.04.2014 19:55:14,8
26.04.2014 22:26:48,18
27.04.2014 11:15:18,10
27.04.2014 23:22:30,1
28.04.2014 22:46:48,11
29.04.2014 16:37:33,8
30.04.2014 15:09:52,2
30.04.2014 17:16:57,17
01.05.2014 12:13:11,20
02.05.2014 02:35:13,11
02.05.2014 03:55:35,4
02.05.2014 15:20:31,20
02.05.2014 21:45:41,12
03.05.2014 14:15:46,9
04.05.2014 06:38:50,4
04.05.2014 09:21:01,11
05.05.2014 06:34:44,20
05.05.2014 23:41:26,6
06.05.2014 00:23:13,4
06.05.2014 02:12:25,12
06.05.2014 15:51:34,13
07.05.2014 06:52:13,17
08.05.2014 05:40:42,16
09.05.2014 00:40:18,16
09.05.2014 15:09:28,20
10.05.2014 03:14:20,2
10.05.2014 12:10:08,16
10.05.2014 13:44:37,19
10.05.2014 18:50:38,2
11.05.2014 08:16:58,17
11.05.2014 17:25:28,19
11.05.2014 21:25:10,9
12.05.2014 18:28:47,18
13.05.2014 05:11:42,18
13.05.2014 08:51:02,15
14.05.2014 00:59:24,11
14.05.2014 08:28:20,9
14.05.2014 15:04:40,3
15.05.2014 07:56:48,20
16.05.2014 03:22:33,16
17.05.2014 02:12:01,18
17.05.2014 14:46:29,5
17.05.2014 16:48:01,18
18.05.2014 14:59:33,10
18.05.2014 20:00:49,6
18.05.2014 21:20:50,16
19.05.2014 12:48:09,8
20.05.2014 03:16:08,12
20.05.2014 21:20:17,12
21.05.2014 04:34:42,7
21.05.2014 19:36:12,18
22.05.2014 08:17:00,15
23.05.2014 02:05:07,16
23.05.2014 23:35:46,5
24.05.2014 03:31:40,6
24.05.2014 10:37:41,5
24.05.2014 23:16:53,7
25.05.2014 17:28:02,3
26.05.2014 17:17:13,3
27.05.2014 08:41:42,5
27.05.2014 14:06:11,14
27.05.2014 20:10:12,2
28.05.2014 03:04:52,18
28.05.2014 16:51:42,20
29.05.2014 09:37:26,19
29.05.2014 23:52:55,17
30.05.2014 17:42:54,6
31.05.2014 10:17:41,16
31.05.2014 16:45:55,15
31.05.2014 17:19:12,15
01.06.2014 04:12:26,5
01.06.2014 20:20:04,6
02.06.2014 07:14:46,5
02.06.2014 17:17:01,3
02.06.2014 23:22:53,1
03.06.2014 17:52:54,7
04.06.2014 05:59:25,7
04.06.2014 10:47:20,4
04.06.2014 22:34:48,7
05.06.2014 03:44:12,4
05.06.2014 19:03:35,17
06.06.2014 05:00:18,17
06.06.2014 11:42:09,18
07.06.2014 08:25:49,2
08.06.2014 03:54:03,1
08.06.2014 11:30:40,18
08.06.2014 13:50:16,3
08.06.2014 22:55:53,12
09.06.2014 11:12:36,19
09.06.2014 12:10:07,4
10.06.2014 01:43:50,9
10.06.2014 19:03:31,11
11.06.2014 00:23:10,14
11.06.2014 02:57:51,20
11.06.2014 18:11:30,9
12.06.2014 11:29:59,11
13.06.2014 01:54:59,9
13.06.2014 19:18:38,5
14.06.2014 02:30:54,10
14.06.2014 20:55:15,10
15.06.2014 04:52:36,12
15.06.2014 08:16:05,5
15.06.2014 23:46:15,3
16.06.2014 23:19:08,5
17.06.2014 20:17:36,15
18.06.2014 17:39:16,1
19.06.2014 06:08:53,2
19.06.2014 18:58:59,18
20.06.2014 05:08:36,13
20.06.2014 09:42:38,3
20.06.2014 12:51:16,16
21.06.2014 12:20:56,2
21.06.2014 20:21:03,2
22.06.2014 09:24:43,20
22.06.2014 23:31:10,15
23.06.2014 12:48:26,17
24.06.2014 00:54:01,17
24.06.2014 13:17:51,3
24.06.2014 23:04:18,4
25.06.2014 20:24:21,7
26.06.2014 12:48:53,13
27.06.2014 04:48:50,2
27.06.2014 19:07:55,2
28.06.2014 05:36:17,18
28.06.2014 23:13:57,13
29.06.2014 23:19:41,14
30.06.2014 03:16:40,8
01.07.2014 02:59:58,1
01.07.2014 15:47:13,2
02.07.2014 03:45:06,15
02.07.2014 18:47:33,12
03.07.2014 01:59:38,19
03.07.2014 09:34:38,4
03.07.2014 18:00:35,2
04.07.2014 08:14:03,19
05.07.2014 00:07:30,4
05.07.2014 16:09:27,16
06.07.2014 13:04:55,18
07.07.2014 04:02:08,18
08.07.2014 03:36:11,9
08.07.2014 13:41:01,4
09.07.2014 06:15:52,8
09.07.2014 20:27:14,20
10.07.2014 16:07:49,20
10.07.2014 18:43:32,17
11.07.2014 14:49:05,4
11.07.2014 18:50:24,8
12.07.2014 05:24:31,11
12.07.2014 05:57:06,14
13.07.2014 00:48:04,3
13.07.2014 11:02:52,6
13.07.2014 14:09:01,18
13.07.2014 17:20:57,7
14.07.2014 07:38:50,9
14.07.2014 15:45:34,10
15.07.2014 01:41:51,10
15.07.2014 20:41:28,9
16.07.2014 07:24:21,4
17.07.2014 06:48:21,6
17.07.2014 17:06:06,18
18.07.2014 10:17:17,16
19.07.2014 09:19:11,17
19.07.2014 09:54:58,9
19.07.2014 13:47:03,18
20.07.2014 02:17:47,14
20.07.2014 16:43:02,19
20.07.2014 20:45:24,10
21.07.2014 00:14:36,15
21.07.2014 09:25:51,5
22.07.2014 07:01:09,12
23.07.2014 04:00:57,14
23.07.2014 10:06:08,8
23.07.2014 20:37:43,1
24.07.2014 10:45:46,16
25.07.2014 00:22:58,19
25.07.2014 14:48:11,12
26.07.2014 00:44:28,15
26.07.2014 23:04:02,8
27.07.2014 22:04:23,12
28.07.2014 02:14:57,17
28.07.2014 03:01:03,6
28.07.2014 17:13:43,9
29.07.2014 16:38:56,1
29.07.2014 17:46:02,14
30.07.2014 10:34:03,5
31.07.2014 07:37:11,8
31.07.2014 15:01:04,16
01.08.2014 08:38:31,3
02.08.2014 07:11:19,16
02.08.2014 11:30:37,13
02.08.2014 14:15:09,7
03.08.2014 01:48:28,11
03.08.2014 04:49:51,15
03.08.2014 07:53:21,3
03.08.2014 22:54:00,6
04.08.2014 06:57:21,2
05.08.2014 05:33:27,9
05.08.2014 19:31:13,6
06.08.2014 05:16:16,15
06.08.2014 09:26:09,8
06.08.2014 23:11:38,3
07.08.2014 05:15:58,17
07.08.2014 05:49:25,9
08.08.2014 01:21:29,10
08.08.2014 02:14:42,11
08.08.2014 04:20:40,11
09.08.2014 03:44:05,18
09.08.2014 07:26:13,11
09.08.2014 15:11:06,8
10.08.2014 00:24:05,11
10.08.2014 05:54:59,8
11.08.2014 00:54:53,18
12.08.2014 00:53:36,8
12.08.2014 04:21:26,17
12.08.2014 12:16:19,10
12.08.2014 13:41:09,10
13.08.2014 01:55:23,8
13.08.2014 12:51:10,19
14.08.2014 04:14:13,6
15.08.2014 02:12:29,18
15.08.2014 16:43:44,3
16.08.2014 11:05:44,18
16.08.2014 17:58:19,16
17.08.2014 05:52:09,18
17.08.2014 17:00:14,16
17.08.2014 22:29:34,19
18.08.2014 13:46:12,6
18.08.2014 15:53:15,4
19.08.2014 10:33:11,7
19.08.2014 15:11:34,7
19.08.2014 16:59:39,2
20.08.2014 12:03:58,7
20.08.2014 20:44:08,10
21.08.2014 09:14:05,20
21.08.2014 22:40:41,6
22.08.2014 11:47:11,19
22.08.2014 14:46:05,17
22.08.2014 20:09:31,20
22.08.2014 23:26:29,20
23.08.2014 16:15:19,10
24.08.2014 03:52:00,8
25.08.2014 01:32:56,4
25.08.2014 21:22:13,7
26.08.2014 11:02:01,8
27.08.2014 04:12:00,13
27.08.2014 14:58:39,20
28.08.2014 06:47:31,12
29.08.2014 01:05:06,13
29.08.2014 08:10:29,9
30.08.2014 00:11:02,13
30.08.2014 09:04:22,10
30.08.2014 20:31:59,4
30.08.2014 22:32:19,13
31.08.2014 13:54:58,14
01.09.2014 11:19:36,18
02.09.2014 00:07:40,14
02.09.2014 03:30:15,5
02.09.2014 11:27:12,2
02.09.2014 18:30:16,10
02.09.2014 23:29:16,13
03.09.2014 16:49:19,16
04.09.2014 13:58:45,18
05.09.2014 08:58:14,14
05.09.2014 15:33:04,20
05.09.2014 18:43:46,12
06.09.2014 11:31:33,5
07.09.2014 10:43:00,12
08.09.2014 01:37:59,4
08.09.2014 17:46:45,19
09.09.2014 16:11:11,10
10.09.2014 07:47:55,18
10.09.2014 13:56:08,16
11.09.2014 02:31:13,17
11.09.2014 20:36:13,11
12.09.2014 13:20:48,1
13.09.2014 09:27:16,19
14.09.2014 02:53:13,13
14.09.2014 12:35:10,2
14.09.2014 12:59:38,2
15.09.2014 00:08:57,5
15.09.2014 09:29:02,8
15.09.2014 11:31:51,4
15.09.2014 20:18:45,5
15.09.2014 21:58:59,20
16.09.2014 04:05:14,8
16.09.2014 11:23:46,6
16.09.2014 23:58:24,6
17.09.2014 19:53:15,8
18.09.2014 05:49:48,3
18.09.2014 18:32:05,6
19.09.2014 06:33:15,13
20.09.2014 05:53:55,3
20.09.2014 16:49:21,20
21.09.2014 10:25:13,18
21.09.2014 11:51:47,16
21.09.2014 19:55:55,18
22.09.2014 01:45:30,13
22.09.2014 10:46:06,9
22.09.2014 13:41:59,13
23.09.2014 00:28:28,9
23.09.2014 02:24:53,18
23.09.2014 18:49:30,19
24.09.2014 05:00:36,1
24.09.2014 07:17:59,2
25.09.2014 04:18:49,15
25.09.2014 14:31:59,8
26.09.2014 03:23:03,3
26.09.2014 06:35:23,19
26.09.2014 20:19:03,20
27.09.2014 12:06:36,17
28.09.2014 08:22:52,16
28.09.2014 21:49:13,5
29.09.2014 04:12:21,12
29.09.2014 21:24:59,19
29.09.2014 22:49:27,20
30.09.2014 04:51:59,6
30.09.2014 20:12:22,20
01.10.2014 12:26:27,14
02.10.2014 04:34:05,16
02.10.2014 23:23:12,19
03.10.2014 01:06:54,4
03.10.2014 16:20:30,12
04.10.2014 08:13:23,4
04.10.2014 12:03:19,5
04.10.2014 22:44:32,19
05.10.2014 10:33:17,3
05.10.2014 22:15:22,4
05.10.2014 22:34:44,9
05.10.2014 23:16:39,14
06.10.2014 04:48:09,4
06.10.2014 12:43:30,9
06.10.2014 15:42:41,9
07.10.2014 15:00:58,2
08.10.2014 04:43:06,9
08.10.2014 21:35:20,15
09.10.2014 08:52:28,19
10.10.2014 06:45:30,4
11.10.2014 00:36:14,2
11.10.2014 01:07:22,1
11.10.2014 21:31:24,5
12.10.2014 18:05:12,12
13.10.2014 16:23:54,14
13.10.2014 22:14:31,9
14.10.2014 20:58:41,9
14.10.2014 21:59:44,20
15.10.2014 06:21:54,5
15.10.2014 12:22:04,17
15.10.2014 15:05:39,19
16.10.2014 01:28:05,5
16.10.2014 08:17:12,2
16.10.2014 20:39:13,8
17.10.2014 08:41:52,6
18.10.2014 08:37:07,14
19.10.2014 06:45:30,5
19.10.2014 22:24:28,17
20.10.2014 02:52:43,10
20.10.2014 18:22:30,1
21.10.2014 05:10:15,6
21.10.2014 21:21:45,9
22.10.2014 18:39:59,3
23.10.2014 16:28:01,16
23.10.2014 23:27:32,16
24.10.2014 03:02:14,11
24.10.2014 23:52:11,4
25.10.2014 00:24:36,1
25.10.2014 02:08:12,20
25.10.2014 14:53:17,18
25.10.2014 16:41:02,7
25.10.2014 20:49:48,1
26.10.2014 01:15:59,10
26.10.2014 05:32:42,13
26.10.2014 17:39:34,5
27.10.2014 07:13:58,7
27.10.2014 09:51:07,5
28.10.2014 08:41:34,16
28.10.2014 12:32:50,10
29.10.2014 06:13:07,20
29.10.2014 21:07:57,7
30.10.2014 04:06:56,18
31.10.2014 02:16:05,9
31.10.2014 05:05:25,20
31.10.2014 17:56:37,5
01.11.2014 14:32:51,15
02.11.2014 11:34:48,5
03.11.2014 10:38:11,13
03.11.2014 11:04:09,18
03.11.2014 20:21:56,7
04.11.2014 13:27:04,8
05.11.2014 02:15:44,20
05.11.2014 06:09:25,11
05.11.2014 14:12:14,3
06.11.2014 03:52:30,2
07.11.2014 02:55:52,3
07.11.2014 14:51:39,6
08.11.2014 10:24:48,4
09.11.2014 06:04:12,19
10.11.2014 05:13:00,17
10.11.2014 12:57:20,15
11.11.2014 10:43:10,9
11.11.2014 20:02:09,15
12.11.2014 17:07:40,4
13.11.2014 03:50:57,5
13.11.2014 15:11:10,18
14.11.2014 06:04:26,20
15.11.2014 00:09:55,19
15.11.2014 11:07:00,17
16.11.2014 10:29:36,19
17.11.2014 09:47:42,16
17.11.2014 13:26:26,18
18.11.2014 11:47:15,19
19.11.2014 10:53:27,3
19.11.2014 22:53:00,19
20.11.2014 17:30:50,19
21.11.2014 10:01:49,13
21.11.2014 11:35:26,7
21.11.2014 22:57:38,20
22.11.2014 12:08:32,7
23.11.2014 02:58:40,19
24.11.2014 00:24:40,12
24.11.2014 15:36:18,15
25.11.2014 12:43:01,11
25.11.2014 22:19:13,8
26.11.2014 10:17:35,2
27.11.2014 00:40:45,20
27.11.2014 16:38:46,13
28.11.2014 06:00:47,16
28.11.2014 12:31:44,1
29.11.2014 07:45:30,19
30.11.2014 00:11:18,1
30.11.2014 10:34:21,2
30.11.2014 16:42:19,8
01.12.2014 07:12:51,6
02.12.2014 04:01:11,2
02.12.2014 18:03:28,3
03.12.2014 17:20:25,10
04.12.2014 03:14:59,13
04.12.2014 16:39:04,20
05.12.2014 09:02:34,19
05.12.2014 19:29:05,1
06.12.2014 01:33:07,19
07.12.2014 01:00:15,2
07.12.2014 21:21:25,13
08.12.2014 03:13:46,11
08.12.2014 07:36:00,18
09.12.2014 02:10:42,16
09.12.2014 21:41:46,12
10.12.2014 16:09:06,15
11.12.2014 10:25:55,1
11.12.2014 23:28:52,8
12.12.2014 07:01:42,12
12.12.2014 19:32:02,6
12.12.2014 21:26:59,1
13.12.2014 12:10:45,19
14.12.2014 02:39:24,6
14.12.2014 08:50:10,2
14.12.2014 11:31:48,18
14.12.2014 18:44:07,6
15.12.2014 00:58:09,11
16.12.2014 00:26:29,9
16.12.2014 17:37:34,10
16.12.2014 21:48:15,2
17.12.2014 14:59:51,17
17.12.2014 16:39:37,15
18.12.2014 04:24:17,9
18.12.2014 18:58:59,7
19.12.2014 11:20:16,15
19.12.2014 12:27:17,4
19.12.2014 20:03:10,12
19.12.2014 21:41:05,6
20.12.2014 21:22:52,6
21.12.2014 03:38:00,7
21.12.2014 07:55:57,15
21.12.2014 17:55:50,8
21.12.2014 23:44:11,5
22.12.2014 21:23:38,11
23.12.2014 16:56:09,4
24.12.2014 15:17:32,10
25.12.2014 09:05:25,7
26.12.2014 01:28:11,16
26.12.2014 08:41:35,8
26.12.2014 09:47:31,13
26.12.2014 11:35:53,1
26.12.2014 13:10:20,13
27.12.2014 07:53:28,8
27.12.2014 21:53:56,11
28.12.2014 03:52:42,12
28.12.2014 10:19:40,11
29.12.2014 00:16:15,11
29.12.2014 20:07:12,4
30.12.2014 17:20:50,4
30.12.2014 18:06:00,2
30.12.2014 21:21:30,17
31.12.2014 19:57:26,5
01.01.2015 15:58:06,8
02.01.2015 11:01:06,6
02.01.2015 16:25:43,8
02.01.2015 21:06:24,3
03.01.2015 07:00:22,6
03.01.2015 18:34:01,15
04.01.2015 01:53:03,12
04.01.2015 05:36:16,5
05.01.2015 01:04:27,16
05.01.2015 06:50:35,12
05.01.2015 07:19:47,17
06.01.2015 00:41:26,13
06.01.2015 14:38:11,10
07.01.2015 07:13:41,6
07.01.2015 23:06:24,5
08.01.2015 10:09:33,3
08.01.2015 19:47:10,6
09.01.2015 12:42:47,3
09.01.2015 13:43:18,11
10.01.2015 00:41:54,2
10.01.2015 22:40:58,3
11.01.2015 06:27:07,6
11.01.2015 10:54:11,18
11.01.2015 20:06:05,4
12.01.2015 07:39:27,10
12.01.2015 15:05:26,4
12.01.2015 19:49:02,5
12.01.2015 20:34:44,12
13.01.2015 12:43:03,17
13.01.2015 22:09:37,20
14.01.2015 12:09:40,5
15.01.2015 06:36:49,6
15.01.2015 20:36:12,20
16.01.2015 03:59:30,14
16.01.2015 04:59:04,10
16.01.2015 15:10:58,12
17.01.2015 01:55:07,9
17.01.2015 04:26:56,4
17.01.2015 12:25:42,13
17.01.2015 18:19:47,18
18.01.2015 04:11:20,18
18.01.2015 07:10:17,17
18.01.2015 14:37:21,5
19.01.2015 03:41:20,6
19.01.2015 17:50:01,14
20.01.2015 03:27:26,14
20.01.2015 09:18:13,17
20.01.2015 11:14:24,19
21.01.2015 02:36:36,16
21.01.2015 08:14:26,13
22.01.2015 04:35:02,13
23.01.2015 01:47:41,15
23.01.2015 06:06:50,12
24.01.2015 05:04:20,13
24.01.2015 12:21:11,4
24.01.2015 18:29:16,6
25.01.2015 13:39:30,1
25.01.2015 19:29:55,14
26.01.2015 05:13:18,9
26.01.2015 13:22:35,19
26.01.2015 22:03:24,17
27.01.2015 13:39:40,19
28.01.2015 10:36:06,16
29.01.2015 08:33:09,11
30.01.2015 00:38:42,10
30.01.2015 11:40:30,13
30.01.2015 15:54:48,17
30.01.2015 17:24:53,15
30.01.2015 21:11:17,14
31.01.2015 16:23:37,11
01.02.2015 15:09:08,7
02.02.2015 00:23:44,10
02.02.2015 22:34:45,9
03.02.2015 09:38:08,7
03.02.2015 21:40:42,1
04.02.2015 10:41:23,6
04.02.2015 15:12:12,9
05.02.2015 07:03:33,3
05.02.2015 20:32:49,17
06.02.2015 18:38:42,4
07.02.2015 17:23:24,17
08.02.2015 11:57:42,13
09.02.2015 09:29:39,18
09.02.2015 17:58:39,3
10.02.2015 07:08:18,8
11.02.2015 06:55:51,18
12.02.2015 05:50:26,1
12.02.2015 22:00:47,1
13.02.2015 01:43:32,3
13.02.2015 23:23:23,8
14.02.2015 02:33:55,2
14.02.2015 21:18:05,2
15.02.2015 02:25:26,11
16.02.2015 00:24:59,8
16.02.2015 10:07:00,6
16.02.2015 21:14:16,3
17.02.2015 03:02:17,7
17.02.2015 12:39:12,20
17.02.2015 22:23:23,16
18.02.2015 16:27:38,1
19.02.2015 05:25:15,17
19.02.2015 11:48:38,10
20.02.2015 03:14:03,17
21.02.2015 01:02:56,12
21.02.2015 22:20:39,3
22.02.2015 02:25:57,14
22.02.2015 15:06:35,17
23.02.2015 11:57:00,8
23.02.2015 18:46:35,1
23.02.2015 22:49:53,3
24.02.2015 08:10:51,11
24.02.2015 10:31:00,5
24.02.2015 19:37:23,9
25.02.2015 04:16:57,4
25.02.2015 07:42:45,5
26.02.2015 01:59:48,6
26.02.2015 13:45:10,9
27.02.2015 07:38:11,13
27.02.2015 13:28:27,19
28.02.2015 00:31:00,19
28.02.2015 14:36:19,10
28.02.2015 20:09:35,8
01.03.2015 05:27:35,8
02.03.2015 04:29:40,1
02.03.2015 14:57:59,9
03.03.2015 05:38:34,18
03.03.2015 06:26:25,14
03.03.2015 13:17:58,1
04.03.2015 11:16:13,2
05.03.2015 06:01:25,17
06.03.2015 05:21:51,15
06.03.2015 13:57:37,3
06.03.2015 17:00:11,12
07.03.2015 10:04:24,6
07.03.2015 12:14:00,4
07.03.2015 16:00:56,1
08.03.2015 05:03:54,16
08.03.2015 16:13:19,2
08.03.2015 19:26:32,3
09.03.2015 03:35:17,13
09.03.2015 21:11:25,7
10.03.2015 08:41:23,10
10.03.2015 21:54:23,15
11.03.2015 09:32:53,13
12.03.2015 04:54:35,11
13.03.2015 04:46:39,19
13.03.2015 11:49:46,1
13.03.2015 23:00:41,18
14.03.2015 18:28:33,8
15.03.2015 02:14:23,13
15.03.2015 07:36:00,10
15.03.2015 14:25:28,16
15.03.2015 22:21:05,14
16.03.2015 18:47:45,17
17.03.2015 09:31:39,12
17.03.2015 18:17:35,15
17.03.2015 19:35:14,9
18.03.2015 13:46:24,7
19.03.2015 08:28:34,15
19.03.2015 14:01:58,12
19.03.2015 22:28:21,13
20.03.2015 20:16:14,9
21.03.2015 04:52:45,3
21.03.2015 16:05:28,6
21.03.2015 18:08:02,16
22.03.2015 03:09:40,13
22.03.2015 16:55:15,2
23.03.2015 12:05:03,11
24.03.2015 11:06:58,5
25.03.2015 03:44:23,3
25.03.2015 10:56:49,8
25.03.2015 21:39:38,13
26.03.2015 06:00:08,13
26.03.2015 17:29:02,15
26.03.2015 23:58:13,6
27.03.2015 05:13:25,4
27.03.2015 09:27:51,7
27.03.2015 19:39:48,16
27.03.2015 20:35:02,15
28.03.2015 19:22:06,15
28.03.2015 19:57:12,15
29.03.2015 03:44:19,5
29.03.2015 11:22:26,12
30.03.2015 01:15:47,15
30.03.2015 03:25:16,19
31.03.2015 02:48:44,20
31.03.2015 13:33:47,5
