01.01.2013 08:45:00,3
02.01.2013 08:51:56,3
03.01.2013 08:29:23,19
04.01.2013 01:13:48,4
04.01.2013 16:07:30,13
04.01.2013 21:30:06,12
05.01.2013 09:18:50,19
05.01.2013 21:59:34,1
06.01.2013 15:40:52,12
07.01.2013 12:34:51,9
07.01.2013 13:01:39,10
07.01.2013 16:49:34,5
08.01.2013 06:03:38,4
08.01.2013 22:53:35,11
09.01.2013 21:49:28,18
09.01.2013 23:32:18,18
10.01.2013 09:43:23,18
11.01.2013 07:40:16,11
11.01.2013 17:43:22,20
11.01.2013 18:24:16,8
12.01.2013 13:23:34,1
13.01.2013 08:13:52,7
14.01.2013 03:20:41,15
15.01.2013 00:24:47,6
15.01.2013 10:38:40,8
15.01.2013 16:59:54,7
15.01.2013 20:56:00,16
16.01.2013 20:06:28,16
17.01.2013 19:50:02,11
18.01.2013 11:14:05,19
19.01.2013 05:11:32,5
19.01.2013 20:35:59,3
20.01.2013 00:17:05,7
20.01.2013 16:51:58,6
21.01.2013 04:29:29,14
21.01.2013 07:41:12,13
21.01.2013 12:27:19,20
21.01.2013 18:16:31,5
22.01.2013 15:19:11,18
23.01.2013 00:19:47,6
23.01.2013 11:56:27,11
23.01.2013 23:19:18,13
24.01.2013 16:27:39,12
25.01.2013 13:53:53,16
25.01.2013 16:20:52,11
25.01.2013 23:20:40,2
26.01.2013 20:26:11,8
26.01.2013 21:46:24,16
27.01.2013 15:18:53,11
27.01.2013 16:00:16,2
27.01.2013 21:06:45,10
28.01.2013 09:36:45,17
28.01.2013 18:48:36,16
28.01.2013 19:44:36,14
29.01.2013 13:15:28,17
30.01.2013 07:52:12,18
30.01.2013 23:15:01,8
31.01.2013 17:48:13,18
31.01.2013 20:28:54,20
01.02.2013 13:02:44,5
02.02.2013 07:26:44,18
02.02.2013 17:00:09,3
02.02.2013 18:52:31,9
03.02.2013 18:55:11,2
03.02.2013 21:21:22,19
04.02.2013 20:16:55,17
04.02.2013 21:19:57,2
05.02.2013 15:21:48,7
06.02.2013 10:31:10,4
07.02.2013 04:54:32,20
07.02.2013 09:10:14,11
07.02.2013 18:08:39,12
08.02.2013 16:51:45,20
08.02.2013 21:48:52,14
09.02.2013 01:37:09,9
09.02.2013 03:06:16,8
09.02.2013 19:55:21,9
09.02.2013 20:47:06,19
09.02.2013 23:52:37,4
10.02.2013 06:09:05,8
11.02.2013 05:22:23,15
11.02.2013 23:48:53,15
12.02.2013 05:08:04,15
12.02.2013 16:31:43,11
13.02.2013 09:15:46,18
14.02.2013 03:01:20,17
14.02.2013 23:38:09,3
15.02.2013 12:46:58,13
15.02.2013 21:24:09,12
16.02.2013 17:04:05,9
17.02.2013 13:54:35,3
18.02.2013 02:50:04,11
18.02.2013 07:50:37,14
18.02.2013 10:50:22,1
19.02.2013 03:58:51,20
19.02.2013 21:39:06,5
20.02.2013 17:29:49,5
21.02.2013 14:40:11,13
22.02.2013 13:30:29,8
23.02.2013 13:33:31,5
24.02.2013 12:08:54,5
25.02.2013 07:10:17,16
26.02.2013 01:56:51,12
26.02.2013 11:40:47,1
26.02.2013 18:14:06,10
26.02.2013 18:43:28,12
27.02.2013 14:54:15,5
28.02.2013 09:09:37,5
28.02.2013 17:55:12,6
01.03.2013 04:35:52,14
01.03.2013 17:05:00,1
02.03.2013 06:51:59,8
02.03.2013 07:43:18,8
02.03.2013 10:38:16,20
03.03.2013 08:16:17,1
03.03.2013 13:05:52,13
03.03.2013 16:39:34,18
04.03.2013 14:16:31,11
04.03.2013 20:40:57,15
05.03.2013 08:33:05,20
06.03.2013 05:09:03,6
06.03.2013 07:27:59,12
06.03.2013 16:13:01,7
07.03.2013 04:46:16,11
07.03.2013 18:40:35,1
08.03.2013 12:28:18,13
08.03.2013 13:14:56,4
09.03.2013 08:50:00,14
09.03.2013 09:08:24,9
09.03.2013 17:45:57,1
09.03.2013 23:29:45,5
10.03.2013 17:22:03,8
10.03.2013 21:30:09,15
11.03.2013 01:46:09,14
11.03.2013 05:22:28,8
11.03.2013 15:08:38,6
12.03.2013 01:38:54,19
12.03.2013 05:18:35,17
12.03.2013 08:02:38,10
12.03.2013 12:41:53,8
12.03.2013 23:37:45,14
13.03.2013 02:41:54,4
13.03.2013 10:23:21,12
13.03.2013 11:58:21,18
14.03.2013 12:05:46,3
14.03.2013 12:24:32,19
14.03.2013 23:27:45,2
15.03.2013 20:43:00,20
15.03.2013 21:59:10,1
15.03.2013 23:54:31,16
16.03.2013 00:40:10,10
16.03.2013 22:42:00,6
17.03.2013 12:56:12,9
17.03.2013 15:00:09,16
18.03.2013 11:17:53,14
18.03.2013 19:10:28,19
19.03.2013 04:46:18,8
19.03.2013 08:15:14,2
20.03.2013 07:03:07,2
20.03.2013 23:59:47,4
21.03.2013 06:04:42,20
21.03.2013 21:33:31,10
22.03.2013 04:50:36,15
22.03.2013 15:55:39,12
23.03.2013 14:58:49,6
24.03.2013 11:42:29,15
24.03.2013 13:10:51,20
25.03.2013 09:51:08,13
26.03.2013 08:08:48,17
26.03.2013 19:41:17,17
27.03.2013 11:21:05,8
27.03.2013 18:01:29,10
28.03.2013 06:07:31,11
28.03.2013 16:37:30,10
29.03.2013 11:07:42,15
30.03.2013 00:37:44,8
30.03.2013 05:34:10,18
30.03.2013 07:06:08,11
31.03.2013 01:16:30,1
01.04.2013 01:21:55,19
01.04.2013 18:07:33,14
01.04.2013 19:27:55,14
02.04.2013 11:38:47,18
02.04.2013 13:18:56,8
03.04.2013 06:46:45,1
03.04.2013 19:11:33,7
04.04.2013 04:44:06,16
04.04.2013 06:08:34,20
04.04.2013 13:09:24,15
04.04.2013 22:06:17,10
04.04.2013 22:38:45,16
04.04.2013 23:33:31,3
05.04.2013 20:02:48,19
06.04.2013 03:47:13,11
06.04.2013 08:15:50,7
06.04.2013 15:11:34,20
07.04.2013 13:24:16,13
07.04.2013 16:06:46,5
08.04.2013 09:55:08,2
08.04.2013 12:12:52,20
08.04.2013 23:00:05,3
09.04.2013 16:01:53,20
10.04.2013 06:00:33,10
10.04.2013 08:26:00,18
10.04.2013 23:31:22,9
11.04.2013 16:05:02,5
12.04.2013 14:23:29,3
12.04.2013 14:36:36,2
12.04.2013 15:42:10,17
13.04.2013 02:28:39,10
13.04.2013 19:25:38,17
14.04.2013 03:03:31,15
14.04.2013 07:04:37,8
15.04.2013 02:59:39,8
16.04.2013 02:45:11,9
16.04.2013 21:13:05,8
17.04.2013 11:43:08,18
17.04.2013 13:01:15,1
18.04.2013 00:09:38,11
18.04.2013 16:35:57,3
19.04.2013 03:18:39,4
19.04.2013 18:18:56,4
19.04.2013 22:58:26,15
20.04.2013 18:28:29,5
21.04.2013 09:14:11,2
21.04.2013 13:28:27,18
22.04.2013 06:09:18,12
22.04.2013 07:49:24,16
22.04.2013 10:45:43,14
22.04.2013 22:30:29,15
23.04.2013 15:40:20,5
24.04.2013 13:31:57,19
25.04.2013 00:19:36,9
25.04.2013 05:05:57,7
26.04.2013 05:14:53,16
27.04.2013 04:46:11,2
27.04.2013 10:17:39,15
28.04.2013 03:00:24,17
28.04.2013 15:04:21,12
28.04.2013 18:57:01,19
29.04.2013 09:03:00,1
30.04.2013 08:21:52,6
01.05.2013 01:34:46,17
01.05.2013 16:27:06,20
02.05.2013 01:48:03,12
02.05.2013 12:54:36,20
03.05.2013 09:08:06,13
03.05.2013 23:51:39,20
04.05.2013 20:48:29,14
05.05.2013 06:28:33,18
06.05.2013 01:15:40,5
06.05.2013 15:48:15,16
06.05.2013 20:58:26,19
07.05.2013 11:01:49,9
08.05.2013 04:38:04,13
09.05.2013 00:57:13,3
09.05.2013 13:02:15,5
10.05.2013 05:17:28,2
10.05.2013 09:49:20,18
11.05.2013 07:25:34,6
11.05.2013 10:38:42,9
12.05.2013 06:01:09,5
12.05.2013 19:04:16,6
13.05.2013 03:11:37,18
14.05.2013 00:18:35,9
14.05.2013 00:40:49,13
14.05.2013 01:54:01,19
14.05.2013 04:41:31,14
14.05.2013 23:40:51,4
15.05.2013 22:15:16,18
16.05.2013 15:59:01,16
16.05.2013 17:32:36,6
17.05.2013 13:47:37,2
18.05.2013 06:35:05,16
18.05.2013 15:41:27,14
19.05.2013 06:28:57,7
19.05.2013 10:09:30,11
19.05.2013 12:59:38,6
20.05.2013 02:11:20,8
20.05.2013 10:22:43,10
20.05.2013 10:39:23,10
20.05.2013 11:22:55,13
20.05.2013 21:43:42,4
21.05.2013 20:49:24,7
22.05.2013 07:41:48,7
23.05.2013 07:37:10,12
23.05.2013 17:47:52,19
24.05.2013 00:21:08,13
24.05.2013 07:25:28,11
24.05.2013 22:34:20,2
25.05.2013 17:11:15,11
26.05.2013 16:07:22,4
27.05.2013 01:57:39,9
27.05.2013 22:17:03,18
28.05.2013 19:01:09,3
29.05.2013 00:53:41,3
29.05.2013 07:41:28,8
29.05.2013 16:39:39,1
30.05.2013 09:14:19,15
30.05.2013 18:05:13,20
30.05.2013 18:43:47,13
30.05.2013 22:29:20,20
31.05.2013 15:21:42,17
01.06.2013 09:40:30,1
01.06.2013 15:09:29,6
01.06.2013 15:32:41,15
01.06.2013 22:44:54,14
02.06.2013 04:13:26,18
03.06.2013 00:32:34,13
03.06.2013 06:31:11,13
03.06.2013 15:47:10,1
04.06.2013 07:18:20,6
05.06.2013 06:22:31,19
06.06.2013 00:15:02,17
06.06.2013 17:13:51,4
06.06.2013 19:09:03,10
06.06.2013 21:10:27,20
07.06.2013 17:27:20,17
08.06.2013 06:43:46,17
08.06.2013 06:59:25,4
09.06.2013 06:08:40,14
09.06.2013 16:01:10,2
10.06.2013 13:19:50,14
11.06.2013 05:27:17,17
11.06.2013 10:18:36,17
12.06.2013 04:38:18,4
13.06.2013 00:31:37,10
13.06.2013 03:07:42,15
14.06.2013 00:03:49,7
14.06.2013 13:31:18,12
15.06.2013 08:37:48,11
16.06.2013 01:35:17,17
16.06.2013 01:50:38,4
16.06.2013 17:11:55,12
17.06.2013 01:25:08,15
17.06.2013 16:19:34,4
18.06.2013 05:51:47,8
19.06.2013 03:00:01,13
19.06.2013 04:33:05,20
19.06.2013 11:47:04,16
19.06.2013 19:39:34,9
20.06.2013 11:50:46,7
20.06.2013 22:43:57,8
21.06.2013 08:58:32,16
21.06.2013 11:12:43,8
22.06.2013 08:55:49,1
22.06.2013 21:30:18,12
23.06.2013 20:00:08,7
24.06.2013 11:14:46,8
25.06.2013 04:49:53,15
26.06.2013 00:31:27,1
26.06.2013 02:11:20,3
26.06.2013 23:40:20,8
27.06.2013 10:52:12,10
28.06.2013 01:18:46,5
28.06.2013 20:57:40,11
29.06.2013 08:57:34,6
30.06.2013 01:24:46,9
30.06.2013 20:38:14,9
30.06.2013 21:39:43,14
01.07.2013 03:20:14,3
01.07.2013 19:27:56,7
01.07.2013 23:16:45,1
02.07.2013 02:16:02,11
02.07.2013 12:32:43,10
03.07.2013 01:54:44,6
03.07.2013 10:44:39,4
03.07.2013 19:02:22,12
04.07.2013 00:21:29,16
04.07.2013 20:54:23,8
05.07.2013 08:18:00,7
06.07.2013 00:42:54,2
06.07.2013 02:29:12,16
06.07.2013 06:26:30,15
06.07.2013 22:00:33,7
07.07.2013 19:04:22,3
07.07.2013 21:21:07,16
08.07.2013 06:46:25,12
09.07.2013 06:07:50,20
10.07.2013 03:24:20,5
10.07.2013 12:57:07,16
11.07.2013 10:46:38,4
11.07.2013 15:01:00,1
12.07.2013 07:39:05,17
12.07.2013 11:02:38,18
12.07.2013 15:59:27,19
13.07.2013 00:03:42,8
13.07.2013 05:40:15,19
13.07.2013 17:58:40,19
13.07.2013 18:44:29,10
14.07.2013 13:54:43,12
14.07.2013 19:55:14,14
15.07.2013 07:30:19,15
15.07.2013 19:52:12,4
16.07.2013 11:31:58,5
16.07.2013 14:19:24,14
17.07.2013 11:07:02,6
18.07.2013 00:27:48,15
18.07.2013 12:48:36,15
18.07.2013 16:53:38,11
19.07.2013 01:03:19,18
19.07.2013 08:08:37,14
19.07.2013 16:55:35,1
20.07.2013 10:11:10,10
20.07.2013 18:29:28,10
20.07.2013 22:04:01,11
21.07.2013 12:32:20,15
22.07.2013 04:58:41,8
22.07.2013 11:11:33,8
23.07.2013 10:29:46,14
24.07.2013 06:17:57,14
24.07.2013 17:13:32,12
25.07.2013 03:46:45,13
25.07.2013 07:01:23,7
25.07.2013 18:40:43,14
26.07.2013 07:01:41,2
26.07.2013 19:33:15,19
27.07.2013 16:59:03,5
28.07.2013 05:39:45,19
28.07.2013 12:47:19,2
29.07.2013 11:46:22,18
30.07.2013 06:33:05,14
30.07.2013 13:55:23,5
31.07.2013 13:21:18,9
31.07.2013 16:19:47,14
31.07.2013 18:19:09,6
01.08.2013 10:07:33,19
02.08.2013 06:38:42,19
02.08.2013 16:34:49,18
03.08.2013 08:51:53,11
04.08.2013 08:03:55,12
04.08.2013 15:01:07,17
05.08.2013 08:15:29,11
05.08.2013 20:50:14,1
06.08.2013 06:06:32,13
07.08.2013 03:42:43,9
07.08.2013 12:51:25,16
07.08.2013 16:13:26,10
08.08.2013 12:58:56,9
09.08.2013 07:42:12,12
09.08.2013 22:32:25,6
10.08.2013 12:26:36,7
11.08.2013 09:12:00,2
12.08.2013 00:05:31,15
12.08.2013 11:48:48,7
13.08.2013 04:48:45,19
14.08.2013 03:24:32,13
14.08.2013 20:29:33,10
15.08.2013 05:43:52,4
15.08.2013 19:24:52,8
16.08.2013 08:01:16,20
17.08.2013 00:26:28,16
17.08.2013 13:51:01,15
18.08.2013 11:29:21,11
18.08.2013 19:21:59,4
19.08.2013 05:45:15,3
19.08.2013 09:11:57,18
19.08.2013 21:41:09,14
20.08.2013 05:10:19,9
21.08.2013 01:43:50,8
21.08.2013 04:23:22,11
21.08.2013 17:57:58,8
22.08.2013 08:20:37,11
23.08.2013 04:07:43,4
23.08.2013 23:32:47,8
24.08.2013 07:59:59,17
25.08.2013 01:10:31,20
25.08.2013 23:58:43,19
26.08.2013 22:39:52,11
27.08.2013 00:22:29,14
27.08.2013 16:34:24,8
28.08.2013 03:11:30,8
29.08.2013 02:42:24,8
29.08.2013 20:24:29,20
30.08.2013 15:59:32,1
30.08.2013 16:22:41,8
30.08.2013 19:01:42,9
30.08.2013 22:56:40,8
31.08.2013 20:30:28,14
01.09.2013 09:46:19,9
01.09.2013 15:15:47,19
02.09.2013 03:33:26,3
02.09.2013 10:40:34,14
02.09.2013 22:33:22,3
03.09.2013 18:48:45,2
03.09.2013 19:53:03,11
03.09.2013 23:16:29,6
04.09.2013 02:52:59,2
04.09.2013 20:21:19,2
04.09.2013 21:43:28,14
05.09.2013 11:10:03,9
06.09.2013 04:40:59,14
07.09.2013 00:25:22,18
07.09.2013 12:30:39,20
08.09.2013 08:52:44,1
09.09.2013 00:14:45,19
09.09.2013 11:05:42,2
09.09.2013 12:38:16,15
09.09.2013 14:16:58,5
10.09.2013 01:01:20,1
10.09.2013 07:58:08,8
10.09.2013 22:17:54,20
11.09.2013 00:59:04,19
11.09.2013 12:46:16,2
11.09.2013 17:21:05,18
12.09.2013 12:45:21,9
13.09.2013 10:05:02,19
14.09.2013 03:00:22,14
14.09.2013 17:11:43,15
15.09.2013 00:33:55,18
15.09.2013 11:37:37,15
16.09.2013 01:29:02,14
16.09.2013 02:31:59,20
16.09.2013 11:24:37,4
17.09.2013 10:40:18,16
17.09.2013 13:33:50,6
18.09.2013 09:51:45,13
18.09.2013 18:11:54,16
19.09.2013 13:11:55,8
19.09.2013 16:12:44,16
20.09.2013 09:09:24,4
20.09.2013 15:17:35,6
21.09.2013 11:55:25,19
22.09.2013 09:52:53,10
22.09.2013 22:21:43,3
23.09.2013 06:03:55,16
24.09.2013 02:12:53,20
24.09.2013 12:27:25,14
24.09.2013 21:42:35,11
25.09.2013 03:45:35,5
25.09.2013 12:40:40,5
25.09.2013 13:54:25,2
26.09.2013 05:07:35,2
26.09.2013 22:04:20,14
27.09.2013 18:27:50,4
27.09.2013 23:03:38,9
28.09.2013 16:01:37,13
29.09.2013 15:02:12,6
29.09.2013 17:03:00,6
29.09.2013 18:03:38,18
30.09.2013 12:50:10,8
01.10.2013 11:31:45,12
02.10.2013 00:00:25,9
02.10.2013 06:35:54,1
02.10.2013 21:45:03,5
03.10.2013 11:54:28,6
04.10.2013 09:14:35,9
05.10.2013 01:23:09,8
05.10.2013 17:45:56,17
05.10.2013 18:15:33,12
05.10.2013 20:24:23,14
06.10.2013 11:57:41,11
07.10.2013 02:53:58,11
07.10.2013 13:43:20,2
07.10.2013 21:30:59,1
08.10.2013 00:04:45,4
08.10.2013 07:55:09,1
08.10.2013 09:19:00,19
08.10.2013 19:46:20,9
09.10.2013 17:16:16,6
10.10.2013 14:08:10,18
10.10.2013 17:03:41,9
10.10.2013 22:39:12,20
11.10.2013 17:23:48,1
11.10.2013 23:36:32,3
12.10.2013 18:04:04,15
12.10.2013 20:44:37,1
13.10.2013 13:27:33,5
13.10.2013 22:59:10,16
14.10.2013 09:22:34,14
15.10.2013 00:26:32,3
15.10.2013 13:21:02,6
16.10.2013 13:01:50,1
17.10.2013 02:27:25,3
17.10.2013 23:35:54,1
18.10.2013 12:13:40,17
19.10.2013 08:54:14,13
19.10.2013 14:54:28,19
19.10.2013 16:34:59,9
19.10.2013 19:34:28,20
20.10.2013 02:57:34,11
21.10.2013 03:01:05,19
21.10.2013 14:06:09,16
22.10.2013 00:24:10,10
22.10.2013 05:31:04,16
22.10.2013 20:33:18,4
23.10.2013 16:55:17,15
24.10.2013 04:16:16,1
24.10.2013 11:03:27,17
24.10.2013 20:36:51,8
25.10.2013 18:13:17,20
26.10.2013 14:09:10,8
27.10.2013 02:12:47,20
27.10.2013 13:59:16,16
28.10.2013 06:13:28,10
29.10.2013 02:49:35,16
29.10.2013 21:19:20,17
30.10.2013 02:13:00,10
30.10.2013 22:15:33,5
31.10.2013 03:06:33,17
31.10.2013 08:32:00,8
01.11.2013 05:18:05,5
01.11.2013 19:49:31,9
01.11.2013 21:14:11,7
02.11.2013 06:16:05,20
02.11.2013 23:34:18,1
03.11.2013 06:30:01,3
03.11.2013 19:46:33,5
04.11.2013 05:30:42,6
04.11.2013 19:16:23,13
05.11.2013 12:26:41,5
06.11.2013 05:17:52,10
06.11.2013 08:47:05,14
06.11.2013 21:14:23,1
07.11.2013 06:57:47,3
08.11.2013 03:26:43,4
08.11.2013 11:09:04,8
09.11.2013 11:09:57,14
10.11.2013 11:04:43,10
10.11.2013 11:17:04,12
10.11.2013 17:07:11,8
11.11.2013 11:13:56,15
12.11.2013 05:15:48,7
12.11.2013 18:36:07,4
12.11.2013 21:57:31,13
13.11.2013 00:04:56,16
13.11.2013 02:40:45,20
13.11.2013 15:10:11,8
13.11.2013 17:13:11,14
14.11.2013 01:20:31,13
14.11.2013 23:02:49,5
15.11.2013 11:50:29,5
15.11.2013 21:50:19,18
16.11.2013 01:57:20,8
16.11.2013 20:22:06,6
16.11.2013 21:46:52,18
17.11.2013 10:33:13,10
18.11.2013 08:19:41,4
19.11.2013 03:31:44,20
19.11.2013 08:15:08,8
20.11.2013 07:19:47,7
21.11.2013 03:03:54,9
21.11.2013 19:34:44,15
22.11.2013 01:00:31,3
22.11.2013 15:40:24,18
23.11.2013 04:27:28,16
23.11.2013 19:30:09,15
24.11.2013 04:55:41,7
24.11.2013 11:36:34,15
24.11.2013 17:47:21,15
25.11.2013 01:17:08,5
25.11.2013 02:39:45,7
25.11.2013 08:57:44,9
25.11.2013 14:52:33,2
26.11.2013 11:57:47,15
27.11.2013 05:46:02,4
28.11.2013 03:54:25,3
28.11.2013 06:58:04,20
28.11.2013 18:28:18,11
29.11.2013 11:53:18,15
29.11.2013 17:59:01,7
29.11.2013 22:45:27,10
30.11.2013 14:11:30,20
01.12.2013 05:41:56,5
01.12.2013 18:41:59,19
02.12.2013 09:01:41,11
02.12.2013 19:57:28,11
03.12.2013 00:25:44,10
03.12.2013 16:09:53,7
04.12.2013 01:52:04,5
04.12.2013 18:43:12,18
05.12.2013 16:53:20,1
06.12.2013 04:58:38,16
06.12.2013 12:14:31,20
06.12.2013 15:10:29,12
06.12.2013 16:36:43,5
06.12.2013 21:03:36,13
07.12.2013 10:36:29,2
08.12.2013 10:09:31,2
08.12.2013 22:13:16,12
09.12.2013 06:46:42,9
09.12.2013 10:45:00,5
09.12.2013 17:09:41,11
10.12.2013 15:33:53,9
11.12.2013 06:39:22,7
12.12.2013 00:30:23,14
12.12.2013 06:14:01,17
12.12.2013 20:34:51,6
13.12.2013 17:39:18,2
14.12.2013 12:49:23,19
15.12.2013 07:15:38,5
16.12.2013 06:51:19,19
16.12.2013 15:42:59,12
16.12.2013 22:17:54,13
17.12.2013 00:42:15,18
17.12.2013 22:23:04,17
18.12.2013 18:37:44,15
19.12.2013 12:48:51,17
19.12.2013 21:26:20,14
20.12.2013 00:07:03,7
20.12.2013 03:28:39,4
20.12.2013 16:57:36,4
21.12.2013 10:46:24,13
21.12.2013 22:43:22,3
22.12.2013 10:10:00,5
23.12.2013 04:02:44,10
23.12.2013 10:30:43,15
23.12.2013 18:27:42,4
24.12.2013 16:31:10,10
25.12.2013 05:39:42,9
25.12.2013 07:50:41,5
25.12.2013 15:11:50,7
25.12.2013 18:59:08,19
25.12.2013 23:17:33,16
26.12.2013 13:46:22,12
27.12.2013 00:25:19,13
27.12.2013 15:44:20,17
27.12.2013 19:15:23,11
27.12.2013 23:04:42,12
28.12.2013 05:54:19,11
28.12.2013 16:43:36,1
29.12.2013 11:04:29,8
30.12.2013 08:13:39,15
31.12.2013 01:27:51,15
31.12.2013 15:04:07,18
01.01.2014 00:16:20,18
01.01.2014 14:28:44,4
02.01.2014 04:55:22,19
02.01.2014 09:24:30,2
02.01.2014 09:49:13,19
02.01.2014 16:01:57,2
02.01.2014 22:48:10,19
03.01.2014 06:16:54,16
03.01.2014 13:55:20,8
03.01.2014 19:12:25,9
04.01.2014 11:11:12,11
05.01.2014 06:19:22,1
05.01.2014 09:41:51,9
05.01.2014 13:15:55,3
05.01.2014 14:13:32,8
05.01.2014 16:46:59,2
06.01.2014 15:37:23,20
07.01.2014 07:27:07,10
07.01.2014 22:27:13,7
08.01.2014 04:11:26,6
09.01.2014 00:05:00,18
09.01.2014 01:26:09,12
10.01.2014 00:22:00,4
10.01.2014 06:25:09,13
10.01.2014 23:37:59,10
11.01.2014 04:31:38,12
12.01.2014 00:09:49,12
12.01.2014 17:09:38,2
13.01.2014 15:23:56,11
14.01.2014 07:59:27,3
14.01.2014 09:22:23,2
14.01.2014 13:37:38,11
15.01.2014 08:19:42,2
16.01.2014 07:22:07,3
16.01.2014 15:20:35,8
17.01.2014 10:41:58,11
17.01.2014 18:25:05,6
17.01.2014 20:09:58,5
18.01.2014 14:38:13,12
18.01.2014 23:05:07,18
19.01.2014 22:46:22,10
20.01.2014 01:48:37,9
20.01.2014 06:37:20,16
21.01.2014 00:56:34,20
21.01.2014 17:15:43,16
22.01.2014 12:29:54,9
23.01.2014 07:15:30,18
23.01.2014 11:37:19,16
23.01.2014 13:16:47,18
24.01.2014 10:34:00,18
25.01.2014 05:47:31,19
25.01.2014 17:51:34,4
26.01.2014 14:12:41,20
26.01.2014 22:46:50,1
27.01.2014 12:53:12,19
27.01.2014 15:44:41,17
28.01.2014 04:54:32,15
28.01.2014 22:14:26,9
29.01.2014 05:55:31,5
29.01.2014 21:43:20,5
30.01.2014 15:56:29,13
30.01.2014 23:34:13,10
31.01.2014 16:32:05,19
01.02.2014 13:43:37,17
01.02.2014 14:58:09,14
02.02.2014 02:50:14,20
02.02.2014 19:44:48,8
03.02.2014 18:36:16,4
04.02.2014 04:13:30,20
04.02.2014 08:24:53,7
04.02.2014 20:21:49,13
04.02.2014 23:28:31,15
05.02.2014 05:27:58,4
05.02.2014 06:47:35,6
05.02.2014 17:59:11,12
06.02.2014 09:35:28,3
07.02.2014 03:01:10,6
07.02.2014 20:57:14,18
08.02.2014 09:52:26,5
08.02.2014 23:58:55,1
09.02.2014 15:18:17,7
10.02.2014 14:09:56,5
10.02.2014 21:55:31,4
11.02.2014 11:19:46,7
12.02.2014 01:58:22,10
12.02.2014 15:01:11,18
13.02.2014 07:59:00,6
13.02.2014 10:19:59,15
13.02.2014 13:55:17,8
13.02.2014 15:20:49,9
13.02.2014 19:56:40,18
14.02.2014 18:50:04,9
15.02.2014 10:58:04,15
16.02.2014 01:04:02,2
16.02.2014 19:25:17,12
17.02.2014 02:12:27,10
17.02.2014 22:30:20,1
18.02.2014 04:36:28,13
18.02.2014 20:01:22,15
19.02.2014 18:06:14,11
20.02.2014 00:53:41,17
20.02.2014 13:24:13,5
20.02.2014 19:03:09,3
21.02.2014 11:42:30,1
22.02.2014 03:03:30,11
22.02.2014 08:28:32,8
22.02.2014 09:33:41,17
22.02.2014 23:01:30,6
23.02.2014 03:15:50,18
24.02.2014 00:16:53,11
24.02.2014 07:41:08,6
25.02.2014 01:45:54,12
25.02.2014 19:51:50,9
26.02.2014 04:18:20,7
26.02.2014 07:55:12,13
26.02.2014 20:00:12,4
27.02.2014 13:23:12,11
28.02.2014 02:18:45,12
28.02.2014 16:33:56,7
01.03.2014 04:01:24,17
02.03.2014 03:01:15,15
02.03.2014 15:02:23,18
03.03.2014 14:16:37,12
04.03.2014 09:07:00,6
04.03.2014 09:56:54,8
04.03.2014 10:08:37,12
05.03.2014 04:51:41,16
05.03.2014 20:35:29,19
06.03.2014 06:27:56,10
06.03.2014 09:54:12,12
07.03.2014 00:24:01,16
07.03.2014 18:12:40,11
07.03.2014 18:41:37,14
08.03.2014 13:07:50,9
08.03.2014 17:48:52,2
08.03.2014 21:31:15,17
09.03.2014 16:54:51,12
10.03.2014 08:44:10,2
10.03.2014 14:43:44,3
11.03.2014 02:56:59,1
11.03.2014 17:10:20,14
12.03.2014 13:09:53,12
12.03.2014 17:11:12,20
13.03.2014 01:54:35,4
13.03.2014 11:20:29,5
13.03.2014 18:33:52,3
14.03.2014 03:06:26,2
14.03.2014 16:14:49,3
15.03.2014 12:34:29,12
16.03.2014 08:57:45,19
17.03.2014 08:24:08,2
17.03.2014 20:02:07,5
18.03.2014 20:09:38,10
19.03.2014 18:17:37,6
20.03.2014 14:08:33,2
21.03.2014 06:54:51,14
21.03.2014 17:44:27,7
21.03.2014 22:48:54,17
22.03.2014 00:59:34,2
22.03.2014 07:29:36,3
22.03.2014 18:18:53,20
23.03.2014 05:14:54,10
24.03.2014 04:30:54,20
24.03.2014 06:09:19,8
24.03.2014 18:20:03,13
25.03.2014 01:05:51,16
25.03.2014 18:27:40,3
26.03.2014 12:22:25,4
27.03.2014 08:04:52,1
27.03.2014 15:35:03,13
28.03.2014 00:50:50,17
29.03.2014 00:17:10,11
29.03.2014 20:52:28,7
30.03.2014 19:03:09,9
31.03.2014 12:30:42,3
31.03.2014 21:52:27,11
01.04.2014 08:43:16,10
01.04.2014 20:09:44,20
02.04.2014 18:52:21,20
02.04.2014 19:24:38,11
03.04.2014 13:13:02,20
04.04.2014 08:38:53,9
04.04.2014 19:26:30,18
05.04.2014 06:51:44,18
05.04.2014 22:29:46,2
06.04.2014 16:07:51,12
06.04.2014 16:26:16,11
07.04.2014 01:37:52,5
07.04.2014 09:11:27,8
07.04.2014 18:01:22,1
08.04.2014 17:33:04,16
09.04.2014 04:32:34,11
09.04.2014 19:30:01,4
10.04.2014 13:06:44,10
11.04.2014 01:21:15,17
11.04.2014 08:01:58,18
11.04.2014 23:15:17,16
12.04.2014 18:35:01,17
12.04.2014 23:23:35,14
13.04.2014 05:45:26,9
13.04.2014 07:22:01,11
13.04.2014 10:41:09,12
13.04.2014 20:18:23,15
14.04.2014 06:02:53,2
14.04.2014 10:45:28,3
15.04.2014 05:41:06,18
16.04.2014 04:58:27,8
16.04.2014 18:51:01,8
17.04.2014 14:16:55,3
17.04.2014 18:52:34,12
18.04.2014 13:27:56,18
19.04.2014 11:54:14,12
19.04.2014 12:08:59,6
19.04.2014 21:51:38,15
20.04.2014 17:30:17,6
21.04.2014 06:46:27,8
21.04.2014 23:10:38,18
22.04.2014 10:24:32,8
23.04.2014 04:43:42,11
24.04.2014 02:23:02,8
24.04.2014 18:41:49,1
25.04.2014 01:36:07,19
25.04.2014 14:26:43,12
25.04.2014 17:38:06,10
26.04.2014 08:41:13,6
27.04.2014 02:32:28,7
27.04.2014 16:05:00,7
28.04.2014 02:04:26,9
28.04.2014 10:55:42,17
29.04.2014 03:32:26,20
29.04.2014 09:37:54,5
29.04.2014 21:37:40,20
30.04.2014 17:46:35,15
01.05.2014 05:36:38,4
01.05.2014 14:40:19,20
01.05.2014 20:07:18,1
02.05.2014 01:57:10,12
02.05.2014 07:21:11,14
02.05.2014 15:27:49,4
03.05.2014 15:16:00,4
04.05.2014 14:04:44,8
04.05.2014 14:59:15,7
05.05.2014 09:05:49,6
06.05.2014 06:24:34,3
06.05.2014 18:58:09,14
07.05.2014 04:03:58,8
07.05.2014 09:45:24,9
08.05.2014 00:16:34,7
08.05.2014 18:32:42,18
09.05.2014 12:34:14,14
09.05.2014 21:14:44,13
10.05.2014 01:01:32,7
10.05.2014 05:47:37,10
10.05.2014 23:11:36,6
11.05.2014 13:38:30,8
12.05.2014 00:18:04,12
12.05.2014 02:34:31,6
12.05.2014 23:01:42,9
13.05.2014 18:49:11,12
14.05.2014 18:16:43,4
14.05.2014 19:56:05,1
15.05.2014 02:35:24,10
15.05.2014 13:55:40,2
16.05.2014 08:09:04,20
16.05.2014 19:29:34,1
16.05.2014 21:20:51,12
17.05.2014 20:15:22,8
18.05.2014 01:59:45,8
18.05.2014 22:15:46,6
19.05.2014 09:00:48,6
19.05.2014 11:44:38,5
19.05.2014 21:58:28,20
20.05.2014 10:49:15,5
20.05.2014 23:27:00,2
21.05.2014 22:56:08,2
22.05.2014 07:21:04,13
22.05.2014 14:38:25,1
22.05.2014 22:44:15,18
23.05.2014 09:03:12,7
23.05.2014 17:06:44,5
24.05.2014 06:24:22,15
24.05.2014 09:33:41,3
24.05.2014 09:56:59,19
24.05.2014 22:09:21,20
25.05.2014 12:32:30,20
26.05.2014 04:05:13,6
26.05.2014 04:27:48,16
26.05.2014 16:15:14,14
27.05.2014 10:09:36,13
28.05.2014 03:52:15,1
28.05.2014 17:46:14,13
29.05.2014 06:04:37,16
29.05.2014 16:14:00,13
30.05.2014 02:22:30,16
30.05.2014 20:13:04,13
31.05.2014 00:15:52,14
31.05.2014 10:09:29,3
01.06.2014 05:01:56,1
01.06.2014 09:19:03,13
01.06.2014 19:48:57,13
02.06.2014 06:12:02,15
02.06.2014 14:54:17,13
02.06.2014 20:48:33,5
03.06.2014 08:53:43,5
03.06.2014 12:29:52,19
04.06.2014 00:17:42,14
04.06.2014 17:24:56,11
05.06.2014 12:45:18,5
06.06.2014 10:04:58,14
06.06.2014 23:45:09,19
07.06.2014 13:35:55,12
07.06.2014 14:51:34,2
08.06.2014 09:25:15,13
09.06.2014 02:05:46,16
09.06.2014 03:50:53,17
09.06.2014 17:27:55,18
10.06.2014 04:15:43,13
10.06.2014 05:31:25,7
10.06.2014 06:23:39,14
10.06.2014 19:08:11,12
11.06.2014 04:58:59,11
12.06.2014 02:09:30,2
12.06.2014 13:28:23,4
13.06.2014 10:46:27,13
14.06.2014 06:45:20,15
15.06.2014 03:06:43,5
15.06.2014 21:12:29,14
16.06.2014 17:28:10,9
16.06.2014 20:30:04,12
17.06.2014 09:33:05,1
18.06.2014 05:39:36,17
18.06.2014 10:56:00,1
18.06.2014 13:14:41,7
18.06.2014 21:24:02,1
19.06.2014 20:31:09,5
20.06.2014 00:20:09,4
20.06.2014 03:48:33,11
20.06.2014 08:57:06,9
20.06.2014 22:04:46,20
21.06.2014 01:16:31,8
21.06.2014 10:02:01,13
22.06.2014 02:51:30,19
22.06.2014 18:30:10,18
22.06.2014 22:40:48,6
23.06.2014 22:25:55,17
24.06.2014 06:12:20,5
24.06.2014 19:18:50,5
25.06.2014 05:49:50,20
25.06.2014 08:28:10,6
26.06.2014 07:46:49,20
27.06.2014 03:42:58,7
28.06.2014 00:11:26,6
28.06.2014 16:01:25,18
29.06.2014 15:47:58,7
30.06.2014 02:10:28,12
30.06.2014 12:16:39,2
01.07.2014 03:18:24,16
01.07.2014 16:28:07,19
01.07.2014 17:32:57,15
02.07.2014 09:12:28,16
02.07.2014 10:03:36,13
02.07.2014 10:23:01,15
03.07.2014 06:38:42,7
03.07.2014 19:40:18,12
04.07.2014 01:56:06,19
04.07.2014 19:34:58,7
05.07.2014 05:40:30,4
05.07.2014 14:47:59,11
05.07.2014 22:39:20,18
06.07.2014 03:19:00,4
06.07.2014 04:00:22,18
06.07.2014 05:06:13,16
07.07.2014 00:56:41,12
07.07.2014 02:50:23,14
07.07.2014 08:41:37,20
07.07.2014 15:29:17,17
07.07.2014 17:53:04,1
08.07.2014 04:51:37,1
08.07.2014 13:59:23,12
09.07.2014 06:50:49,4
09.07.2014 13:01:08,5
09.07.2014 21:17:10,14
10.07.2014 17:07:25,2
10.07.2014 20:57:41,17
11.07.2014 18:28:11,9
12.07.2014 07:43:06,1
12.07.2014 07:55:36,13
13.07.2014 05:26:34,18
14.07.2014 01:55:46,13
15.07.2014 02:00:27,2
15.07.2014 05:50:45,20
16.07.2014 04:19:59,16
16.07.2014 05:11:52,15
16.07.2014 10:05:00,14
17.07.2014 03:40:30,15
17.07.2014 17:51:06,18
18.07.2014 10:05:57,3
18.07.2014 12:39:59,3
19.07.2014 12:47:12,9
19.07.2014 20:32:52,17
20.07.2014 18:14:53,19
21.07.2014 02:17:58,1
21.07.2014 20:47:56,13
22.07.2014 03:36:58,8
23.07.2014 02:19:35,15
23.07.2014 18:57:41,2
24.07.2014 16:27:32,1
25.07.2014 02:12:30,18
25.07.2014 06:15:35,9
25.07.2014 06:51:31,4
25.07.2014 10:12:34,9
26.07.2014 00:45:35,1
26.07.2014 23:18:56,4
27.07.2014 18:12:48,9
28.07.2014 14:51:28,8
29.07.2014 04:30:49,1
29.07.2014 07:35:48,12
30.07.2014 07:15:57,4
30.07.2014 13:36:13,2
31.07.2014 02:13:03,15
31.07.2014 17:32:56,3
31.07.2014 18:00:57,8
31.07.2014 19:43:11,11
01.08.2014 06:57:25,15
01.08.2014 20:17:30,17
02.08.2014 18:06:03,4
03.08.2014 01:19:47,11
03.08.2014 05:59:09,16
03.08.2014 19:20:14,13
04.08.2014 01:44:57,4
04.08.2014 07:07:24,1
04.08.2014 08:38:11,3
04.08.2014 12:19:40,20
04.08.2014 17:49:19,10
05.08.2014 11:18:14,3
06.08.2014 02:41:10,10
06.08.2014 12:50:39,7
07.08.2014 00:38:29,6
07.08.2014 22:55:55,15
08.08.2014 08:36:54,14
09.08.2014 00:35:00,2
09.08.2014 07:18:31,6
10.08.2014 06:52:40,15
10.08.2014 16:32:25,16
11.08.2014 11:04:38,12
12.08.2014 03:33:22,13
12.08.2014 07:00:53,1
13.08.2014 04:53:45,12
13.08.2014 12:19:52,10
14.08.2014 12:03:17,3
15.08.2014 07:05:34,6
15.08.2014 19:15:17,2
16.08.2014 00:11:27,19
16.08.2014 06:03:10,14
16.08.2014 15:59:26,13
17.08.2014 15:23:24,4
18.08.2014 09:44:10,11
18.08.2014 18:40:02,4
19.08.2014 03:01:06,17
19.08.2014 04:08:49,18
19.08.2014 09:17:02,6
19.08.2014 23:57:31,13
20.08.2014 15:25:15,4
21.08.2014 06:36:09,13
21.08.2014 22:53:35,5
22.08.2014 22:02:03,9
23.08.2014 07:41:41,3
23.08.2014 22:38:19,12
24.08.2014 21:43:38,20
25.08.2014 05:02:53,18
26.08.2014 02:17:15,13
26.08.2014 02:37:32,4
26.08.2014 09:44:47,6
26.08.2014 11:36:48,11
26.08.2014 16:24:55,9
27.08.2014 05:30:08,18
28.08.2014 03:31:32,2
28.08.2014 08:10:14,2
28.08.2014 09:48:19,8
28.08.2014 17:43:09,13
29.08.2014 11:45:17,1
29.08.2014 14:15:28,11
30.08.2014 00:54:24,5
30.08.2014 22:09:03,5
31.08.2014 14:53:10,7
01.09.2014 03:16:59,20
02.09.2014 02:01:51,3
02.09.2014 11:06:57,15
03.09.2014 08:16:26,5
03.09.2014 16:21:42,15
04.09.2014 13:42:36,12
05.09.2014 10:50:00,7
06.09.2014 07:19:41,7
06.09.2014 13:37:17,5
07.09.2014 13:16:09,6
08.09.2014 03:36:45,16
08.09.2014 18:46:34,19
08.09.2014 21:30:08,20
09.09.2014 20:54:03,1
09.09.2014 23:29:25,5
10.09.2014 19:06:37,17
10.09.2014 19:57:24,5
11.09.2014 01:48:54,20
11.09.2014 22:34:00,10
12.09.2014 08:36:38,3
13.09.2014 06:34:16,10
14.09.2014 01:43:32,8
15.09.2014 01:07:36,14
15.09.2014 12:53:53,20
16.09.2014 07:56:14,12
17.09.2014 07:43:00,8
17.09.2014 14:29:24,9
18.09.2014 06:14:04,16
18.09.2014 17:10:28,13
19.09.2014 00:18:48,13
19.09.2014 03:52:30,4
19.09.2014 18:10:28,13
20.09.2014 01:40:44,10
20.09.2014 06:50:10,18
20.09.2014 07:48:01,4
20.09.2014 13:23:50,3
21.09.2014 09:40:19,17
22.09.2014 08:13:36,17
22.09.2014 23:30:04,1
23.09.2014 16:07:53,3
24.09.2014 02:50:01,2
24.09.2014 13:15:16,3
24.09.2014 13:33:43,17
25.09.2014 12:12:28,3
25.09.2014 19:32:47,7
26.09.2014 00:53:22,5
26.09.2014 21:38:32,18
27.09.2014 07:58:30,14
27.09.2014 21:23:55,16
28.09.2014 08:09:16,9
28.09.2014 20:13:44,5
29.09.2014 15:12:07,19
30.09.2014 11:30:28,10
30.09.2014 18:04:22,10
01.10.2014 11:10:35,15
02.10.2014 00:52:51,18
02.10.2014 22:04:56,16
03.10.2014 18:43:18,17
04.10.2014 03:43:58,19
04.10.2014 10:31:15,2
05.10.2014 04:58:05,15
05.10.2014 08:04:20,16
05.10.2014 11:31:27,16
06.10.2014 07:24:53,19
06.10.2014 10:13:08,14
06.10.2014 11:07:33,16
06.10.2014 21:53:11,16
07.10.2014 14:42:05,3
08.10.2014 11:17:07,8
08.10.2014 22:39:04,13
09.10.2014 05:21:07,10
09.10.2014 13:53:34,14
09.10.2014 20:16:47,15
10.10.2014 08:22:36,6
10.10.2014 22:35:58,11
11.10.2014 12:20:14,3
11.10.2014 21:48:57,1
12.10.2014 03:49:34,20
12.10.2014 20:05:51,13
13.10.2014 06:22:13,5
13.10.2014 22:22:46,8
14.10.2014 22:21:46,6
15.10.2014 04:56:16,3
15.10.2014 10:46:21,6
15.10.2014 19:14:56,11
16.10.2014 05:03:35,8
16.10.2014 13:30:00,17
16.10.2014 23:59:04,2
17.10.2014 14:27:55,6
18.10.2014 13:38:53,16
19.10.2014 04:37:19,2
19.10.2014 14:40:47,19
19.10.2014 22:47:22,6
20.10.2014 12:15:14,14
20.10.2014 17:39:24,14
21.10.2014 08:21:19,8
21.10.2014 12:35:23,14
21.10.2014 15:36:34,18
21.10.2014 19:39:25,4
22.10.2014 18:29:28,2
23.10.2014 05:37:25,7
23.10.2014 11:11:35,8
23.10.2014 12:56:27,3
24.10.2014 03:28:57,11
24.10.2014 14:06:32,2
25.10.2014 06:17:55,14
25.10.2014 12:58:55,20
26.10.2014 11:08:32,3
26.10.2014 15:27:29,7
27.10.2014 12:15:55,5
28.10.2014 06:57:28,14
28.10.2014 19:13:06,10
29.10.2014 14:51:00,7
30.10.2014 00:16:15,3
30.10.2014 13:10:35,3
30.10.2014 21:01:09,3
31.10.2014 13:11:13,14
01.11.2014 05:43:49,1
01.11.2014 10:22:02,16
01.11.2014 17:53:13,13
02.11.2014 05:06:47,14
02.11.2014 16:40:21,8
03.11.2014 16:42:01,11
03.11.2014 17:21:45,10
04.11.2014 12:07:29,7
05.11.2014 09:11:54,16
05.11.2014 11:12:29,10
06.11.2014 02:27:17,6
06.11.2014 03:50:32,16
07.11.2014 01:59:26,11
07.11.2014 15:16:36,18
08.11.2014 12:23:05,17
09.11.2014 04:55:29,6
09.11.2014 16:59:59,16
09.11.2014 23:03:39,18
10.11.2014 19:27:57,14
11.11.2014 10:19:26,6
12.11.2014 09:39:14,11
12.11.2014 20:47:39,20
13.11.2014 02:47:08,11
13.11.2014 03:33:22,18
13.11.2014 14:10:54,10
14.11.2014 02:03:25,8
15.11.2014 00:55:28,7
15.11.2014 09:40:24,4
16.11.2014 06:29:53,14
16.11.2014 12:29:33,18
16.11.2014 17:31:54,15
17.11.2014 02:24:03,9
17.11.2014 12:56:42,13
17.11.2014 19:38:50,13
18.11.2014 08:29:28,10
18.11.2014 17:11:26,4
18.11.2014 23:17:16,20
19.11.2014 21:23:55,16
20.11.2014 09:00:08,18
21.11.2014 07:49:23,5
22.11.2014 06:15:35,17
22.11.2014 09:09:13,10
23.11.2014 06:15:22,12
23.11.2014 06:52:29,5
23.11.2014 15:58:12,15
23.11.2014 18:48:48,2
24.11.2014 05:14:23,6
25.11.2014 02:37:22,17
25.11.2014 10:08:26,20
25.11.2014 15:09:55,13
26.11.2014 04:19:41,12
26.11.2014 10:54:46,16
27.11.2014 08:13:34,3
28.11.2014 04:43:12,8
28.11.2014 07:02:37,15
28.11.2014 17:18:09,20
29.11.2014 15:54:17,9
29.11.2014 17:49:51,13
29.11.2014 23:15:25,16
30.11.2014 02:57:16,5
01.12.2014 01:16:57,8
01.12.2014 13:49:20,11
02.12.2014 13:28:29,5
02.12.2014 22:03:01,18
03.12.2014 01:38:53,12
03.12.2014 23:36:55,2
04.12.2014 01:30:04,2
04.12.2014 16:54:22,9
05.12.2014 05:07:20,4
06.12.2014 03:19:28,13
06.12.2014 07:26:13,20
06.12.2014 08:31:54,9
07.12.2014 06:35:19,17
08.12.2014 00:54:34,20
08.12.2014 19:35:14,6
09.12.2014 14:47:04,20
10.12.2014 01:07:56,15
10.12.2014 23:01:06,13
11.12.2014 09:45:58,5
11.12.2014 19:58:04,16
12.12.2014 03:49:38,12
12.12.2014 21:52:46,16
13.12.2014 06:15:44,15
13.12.2014 19:56:20,20
14.12.2014 02:18:59,16
14.12.2014 13:06:20,2
15.12.2014 03:29:17,9
15.12.2014 11:36:24,3
15.12.2014 17:25:06,8
16.12.2014 04:47:28,18
16.12.2014 05:06:30,14
17.12.2014 02:49:33,3
18.12.2014 00:23:36,13
18.12.2014 04:57:05,8
19.12.2014 03:10:03,2
19.12.2014 05:39:17,1
20.12.2014 03:15:37,15
20.12.2014 03:30:47,19
21.12.2014 02:00:46,5
21.12.2014 19:39:39,9
22.12.2014 14:07:59,10
23.12.2014 10:22:47,14
24.12.2014 10:24:32,10
25.12.2014 10:00:53,7
25.12.2014 14:31:30,17
25.12.2014 20:53:40,10
26.12.2014 13:24:04,3
27.12.2014 09:12:17,3
28.12.2014 02:45:42,15
28.12.2014 03:15:48,20
28.12.2014 18:21:07,10
29.12.2014 13:55:54,9
30.12.2014 03:36:50,7
30.12.2014 17:52:49,17
30.12.2014 18:06:59,1
30.12.2014 19:26:49,3
31.12.2014 02:52:22,11
01.01.2015 02:50:52,4
01.01.2015 06:20:11,10
01.01.2015 09:05:57,5
01.01.2015 20:36:17,19
02.01.2015 06:49:35,18
02.01.2015 20:52:02,8
03.01.2015 20:23:59,13
04.01.2015 10:55:14,13
05.01.2015 00:50:24,1
05.01.2015 20:10:16,7
06.01.2015 13:41:18,14
07.01.2015 10:55:50,18
08.01.2015 04:07:59,10
08.01.2015 21:03:28,3
09.01.2015 08:23:29,9
10.01.2015 03:37:15,8
10.01.2015 22:58:37,4
11.01.2015 15:45:54,10
12.01.2015 07:53:41,18
12.01.2015 14:56:06,4
13.01.2015 01:04:10,2
13.01.2015 02:31:24,10
13.01.2015 02:48:41,10
13.01.2015 07:37:33,20
14.01.2015 07:42:05,4
14.01.2015 22:23:51,5
15.01.2015 13:17:56,8
15.01.2015 14:18:48,18
15.01.2015 23:57:42,2
16.01.2015 02:26:48,1
16.01.2015 08:58:22,5
16.01.2015 10:44:00,13
17.01.2015 00:37:34,1
17.01.2015 07:52:33,19
17.01.2015 11:58:59,11
18.01.2015 02:19:33,3
19.01.2015 01:22:12,17
19.01.2015 09:52:20,9
20.01.2015 06:46:36,16
21.01.2015 01:40:30,16
21.01.2015 03:19:02,9
21.01.2015 17:28:30,13
21.01.2015 21:43:57,2
21.01.2015 22:15:40,14
22.01.2015 17:38:49,15
23.01.2015 11:30:53,12
24.01.2015 07:46:01,8
24.01.2015 10:58:22,10
25.01.2015 09:10:32,5
25.01.2015 18:57:11,5
26.01.2015 18:34:01,15
27.01.2015 14:08:52,3
27.01.2015 15:08:41,10
27.01.2015 18:03:57,1
28.01.2015 01:30:50,7
28.01.2015 01:44:47,5
28.01.2015 02:07:52,13
28.01.2015 18:11:32,9
28.01.2015 22:19:10,16
29.01.2015 22:20:16,2
29.01.2015 22:50:22,5
30.01.2015 07:22:13,20
30.01.2015 19:02:20,10
31.01.2015 18:54:29,8
01.02.2015 14:18:25,9
02.02.2015 09:45:01,16
02.02.2015 17:59:24,20
03.02.2015 12:04:01,11
04.02.2015 04:15:44,11
05.02.2015 03:51:49,12
05.02.2015 13:12:28,4
05.02.2015 13:48:51,16
06.02.2015 01:30:48,20
06.02.2015 10:33:44,14
06.02.2015 15:34:20,14
07.02.2015 15:40:10,11
08.02.2015 05:23:40,20
08.02.2015 18:46:01,13
09.02.2015 15:09:18,5
10.02.2015 13:26:23,19
11.02.2015 00:13:39,1
11.02.2015 22:13:19,11
12.02.2015 03:48:06,6
12.02.2015 09:25:48,6
12.02.2015 22:45:59,8
13.02.2015 10:41:01,6
13.02.2015 13:29:02,7
14.02.2015 09:34:03,15
15.02.2015 03:08:41,8
15.02.2015 16:16:38,5
15.02.2015 18:35:54,4
16.02.2015 06:43:58,5
16.02.2015 23:56:43,3
17.02.2015 12:17:29,8
18.02.2015 09:14:26,2
19.02.2015 08:16:16,8
19.02.2015 15:02:53,4
20.02.2015 06:51:37,5
20.02.2015 23:34:53,19
21.02.2015 19:46:57,13
22.02.2015 01:40:08,16
22.02.2015 23:36:51,8
23.02.2015 05:37:26,10
23.02.2015 17:20:53,14
24.02.2015 08:31:34,4
25.02.2015 06:12:25,6
25.02.2015 23:52:26,17
26.02.2015 15:15:32,8
27.02.2015 10:26:45,9
28.02.2015 00:20:48,19
28.02.2015 18:07:40,14
01.03.2015 07:44:27,13
02.03.2015 03:27:19,12
02.03.2015 12:21:02,15
03.03.2015 11:23:04,5
04.03.2015 01:48:41,3
04.03.2015 03:21:24,18
04.03.2015 21:57:45,19
05.03.2015 08:37:50,18
06.03.2015 00:05:02,1
06.03.2015 23:33:26,17
07.03.2015 08:46:37,14
08.03.2015 06:35:00,4
09.03.2015 05:41:57,7
10.03.2015 02:45:47,17
10.03.2015 12:54:00,10
10.03.2015 23:12:35,5
11.03.2015 04:52:27,20
11.03.2015 22:42:24,8
12.03.2015 14:36:58,13
12.03.2015 23:02:42,9
12.03.2015 23:22:11,14
13.03.2015 08:31:33,13
14.03.2015 02:47:45,1
14.03.2015 15:45:51,10
15.03.2015 10:21:43,1
16.03.2015 03:05:44,6
16.03.2015 19:33:55,4
17.03.2015 11:05:48,11
18.03.2015 02:39:59,10
18.03.2015 17:31:47,10
18.03.2015 20:44:11,7
19.03.2015 09:20:50,1
20.03.2015 02:12:20,17
21.03.2015 01:39:00,6
22.03.2015 00:06:55,5
22.03.2015 04:51:31,19
22.03.2015 23:28:57,19
23.03.2015 20:27:45,17
24.03.2015 16:56:46,12
25.03.2015 14:28:34,12
26.03.2015 10:54:14,5
26.03.2015 13:51:01,18
26.03.2015 21:01:12,13
27.03.2015 20:55:16,6
28.03.2015 03:26:47,15
28.03.2015 17:16:58,11
29.03.2015 12:14:34,19
29.03.2015 19:27:01,17
30.03.2015 15:58:08,12
31.03.2015 15:16:07,14
